/* Generated by tools/analysis/extract_easter_egg.py.
 * (RE) 678:0x1005f9e4.
 *
 * Packed credits executable from 3.3.678, selected by the
 * UseNewCredits runtime setting under A3D_FIXES. rmbuffer.cpp
 * includes both payloads in additions-enabled builds and handles
 * unpacking and launching the credits program.
 *
 * Regenerate from the reference DLL with the named script;
 * this is cross-version data, not the default 677 payload. */
	0x4D, 0x5A, 0x90, 0x00, 0x03, 0x00, 0x00, 0x00, 0x00, 0x04, 0x00, 0x00, 0x00, 0x00, 0xFF, 0xFF,
	0x00, 0x00, 0xB8, 0x00, 0x00, 0x00, 0x04, 0x40, 0x00, 0x00, 0x00, 0x20, 0xD8, 0x00, 0x00, 0x00,
	0x00, 0x0E, 0x1F, 0xBA, 0x0E, 0x00, 0xB4, 0x09, 0xCD, 0x21, 0xB8, 0x01, 0x4C, 0xCD, 0x21, 0x54,
	0x68, 0x69, 0x73, 0x20, 0x70, 0x72, 0x6F, 0x67, 0x72, 0x61, 0x6D, 0x20, 0x63, 0x61, 0x6E, 0x6E,
	0x6F, 0x74, 0x20, 0x62, 0x65, 0x20, 0x72, 0x75, 0x6E, 0x20, 0x69, 0x6E, 0x20, 0x44, 0x4F, 0x53,
	0x20, 0x6D, 0x6F, 0x64, 0x65, 0x2E, 0x0D, 0x0D, 0x0A, 0x24, 0x00, 0x00, 0x00, 0x04, 0x40, 0xF1,
	0x11, 0x96, 0x04, 0x90, 0x7F, 0xC5, 0x04, 0x90, 0x7F, 0xC5, 0x04, 0x90, 0x7F, 0xC5, 0xEC, 0x8F,
	0x75, 0xC5, 0x12, 0x90, 0x7F, 0xC5, 0xEC, 0x8F, 0x74, 0xC5, 0x05, 0x90, 0x7F, 0xC5, 0x87, 0x8C,
	0x71, 0xC5, 0x0D, 0x90, 0x7F, 0xC5, 0x04, 0x90, 0x7E, 0xC5, 0x43, 0x90, 0x7F, 0xC5, 0x66, 0x8F,
	0x6C, 0xC5, 0x0D, 0x90, 0x7F, 0xC5, 0xFB, 0xB0, 0x74, 0xC5, 0x05, 0x90, 0x7F, 0xC5, 0xC3, 0x96,
	0x79, 0xC5, 0x05, 0x90, 0x7F, 0xC5, 0x52, 0x69, 0x63, 0x68, 0x04, 0x90, 0x7F, 0xC5, 0x00, 0x00,
	0x00, 0x05, 0x50, 0x45, 0x00, 0x00, 0x4C, 0x01, 0x04, 0x00, 0x37, 0xAF, 0xB4, 0x38, 0x00, 0x00,
	0x00, 0x05, 0xE0, 0x00, 0x0F, 0x01, 0x0B, 0x01, 0x06, 0x00, 0x00, 0x30, 0x00, 0x00, 0x00, 0x00,
	0x30, 0x00, 0x00, 0x00, 0x03, 0xA0, 0x14, 0x00, 0x00, 0x00, 0x00, 0x10, 0x00, 0x00, 0x00, 0x00,
	0x40, 0x00, 0x00, 0x00, 0x01, 0x40, 0x00, 0x00, 0x10, 0x00, 0x00, 0x00, 0x00, 0x10, 0x00, 0x00,
	0x04, 0x00, 0x00, 0x00, 0x04, 0x04, 0x00, 0x00, 0x00, 0x05, 0x70, 0x00, 0x00, 0x00, 0x00, 0x10,
	0x00, 0x00, 0x00, 0x03, 0x02, 0x00, 0x00, 0x00, 0x02, 0x10, 0x00, 0x00, 0x10, 0x00, 0x00, 0x00,
	0x01, 0x10, 0x00, 0x00, 0x10, 0x00, 0x00, 0x00, 0x03, 0x10, 0x00, 0x00, 0x00, 0x08, 0x8C, 0x44,
	0x00, 0x00, 0x64, 0x00, 0x00, 0x00, 0x01, 0x60, 0x00, 0x00, 0xC8, 0x02, 0x00, 0x00, 0x00, 0x48,
	0x40, 0x00, 0x00, 0x28, 0x01, 0x00, 0x00, 0x00, 0x17, 0x2E, 0x74, 0x65, 0x78, 0x74, 0x00, 0x00,
	0x00, 0x00, 0x1E, 0x2D, 0x00, 0x00, 0x00, 0x00, 0x10, 0x00, 0x00, 0x00, 0x00, 0x30, 0x00, 0x00,
	0x00, 0x00, 0x10, 0x00, 0x00, 0x00, 0x0B, 0x20, 0x00, 0x00, 0x60, 0x2E, 0x72, 0x64, 0x61, 0x74,
	0x61, 0x00, 0x00, 0xD2, 0x0A, 0x00, 0x00, 0x00, 0x00, 0x40, 0x00, 0x00, 0x00, 0x00, 0x10, 0x00,
	0x00, 0x00, 0x00, 0x40, 0x00, 0x00, 0x00, 0x0B, 0x40, 0x00, 0x00, 0x40, 0x2E, 0x64, 0x61, 0x74,
	0x61, 0x00, 0x00, 0x00, 0x00, 0x7C, 0x0C, 0x00, 0x00, 0x00, 0x00, 0x50, 0x00, 0x00, 0x00, 0x00,
	0x10, 0x00, 0x00, 0x00, 0x00, 0x50, 0x00, 0x00, 0x00, 0x0B, 0x40, 0x00, 0x00, 0xC0, 0x2E, 0x72,
	0x73, 0x72, 0x63, 0x00, 0x00, 0x00, 0x00, 0xC8, 0x02, 0x00, 0x00, 0x00, 0x00, 0x60, 0x00, 0x00,
	0x00, 0x00, 0x10, 0x00, 0x00, 0x00, 0x00, 0x60, 0x00, 0x00, 0x00, 0x0B, 0x40, 0x00, 0x00, 0x40,
	0x00, 0x00, 0x00, 0xFF, 0x00, 0x00, 0x00, 0xFF, 0x00, 0x00, 0x00, 0xFF, 0x00, 0x00, 0x00, 0xFF,
	0x00, 0x00, 0x00, 0xFF, 0x00, 0x00, 0x00, 0xFF, 0x00, 0x00, 0x00, 0xFF, 0x00, 0x00, 0x00, 0xFF,
	0x00, 0x00, 0x00, 0xFF, 0x00, 0x00, 0x00, 0xFF, 0x00, 0x00, 0x00, 0xFF, 0x00, 0x00, 0x00, 0xFF,
	0x00, 0x00, 0x00, 0xFF, 0x00, 0x00, 0x00, 0x73, 0x55, 0x8B, 0xEC, 0x83, 0xEC, 0x58, 0x8B, 0x45,
	0x08, 0xC7, 0x45, 0xA8, 0x58, 0x00, 0x00, 0x00, 0x00, 0x89, 0x45, 0xAC, 0x8B, 0x45, 0x10, 0x89,
	0x45, 0xB0, 0x8B, 0x45, 0x14, 0x89, 0x45, 0xBC, 0x8D, 0x45, 0xA8, 0x50, 0xC7, 0x45, 0xB4, 0x03,
	0x00, 0x00, 0x00, 0x00, 0xFF, 0x75, 0x0C, 0xC7, 0x45, 0xB8, 0x64, 0x80, 0x00, 0x00, 0xFF, 0x15,
	0xD4, 0x40, 0x40, 0x00, 0xC9, 0xC3, 0xA1, 0x40, 0x57, 0x40, 0x00, 0x85, 0xC0, 0x74, 0x1E, 0x6A,
	0x03, 0x6A, 0x00, 0x6A, 0x00, 0x6A, 0x10, 0x6A, 0x10, 0x50, 0x8B, 0x44, 0x24, 0x1C, 0xFF, 0x70,
	0x20, 0xFF, 0x70, 0x1C, 0xFF, 0x70, 0x18, 0xFF, 0x15, 0xDC, 0x40, 0x40, 0x00, 0x6A, 0x01, 0x58,
	0xC3, 0x55, 0x8B, 0xEC, 0x83, 0xEC, 0x40, 0x8B, 0x45, 0x0C, 0x56, 0x83, 0xE8, 0x0F, 0x57, 0x0F,
	0x84, 0x45, 0x02, 0x00, 0x00, 0x83, 0xE8, 0x05, 0x0F, 0x84, 0x82, 0x02, 0x00, 0x00, 0x83, 0xE8,
	0x17, 0x0F, 0x84, 0x1F, 0x02, 0x00, 0x00, 0x2D, 0xE5, 0x00, 0x00, 0x00, 0x00, 0x0F, 0x84, 0xBD,
	0x00, 0x00, 0x00, 0x00, 0x48, 0x0F, 0x84, 0xA8, 0x00, 0x00, 0x00, 0x00, 0x48, 0x48, 0x74, 0x69,
	0x2D, 0x51, 0x7F, 0x00, 0x00, 0x74, 0x07, 0x33, 0xC0, 0xE9, 0x58, 0x02, 0x00, 0x00, 0x8B, 0x45,
	0x14, 0x2D, 0x01, 0x02, 0x00, 0x00, 0x74, 0x09, 0x83, 0xE8, 0x03, 0x0F, 0x85, 0x42, 0x02, 0x00,
	0x00, 0x33, 0xF6, 0xC7, 0x05, 0x60, 0x57, 0x40, 0x00, 0x01, 0x00, 0x00, 0x00, 0x00, 0x39, 0x35,
	0x4C, 0x57, 0x40, 0x00, 0x75, 0x1B, 0x8D, 0x45, 0x14, 0x89, 0x75, 0x14, 0x50, 0x56, 0x56, 0x68,
	0x0F, 0x13, 0x40, 0x00, 0x56, 0x56, 0xFF, 0x15, 0x80, 0x40, 0x40, 0x00, 0xA3, 0x4C, 0x57, 0x40,
	0x00, 0x6A, 0x05, 0xFF, 0x75, 0x08, 0xFF, 0x15, 0xFC, 0x40, 0x40, 0x00, 0xFF, 0x75, 0x08, 0xFF,
	0x15, 0xF8, 0x40, 0x40, 0x00, 0xE9, 0xFA, 0x01, 0x00, 0x00, 0x33, 0xF6, 0x39, 0x35, 0x44, 0x57,
	0x40, 0x00, 0x0F, 0x84, 0xEC, 0x01, 0x00, 0x00, 0xFF, 0x05, 0x48, 0x57, 0x40, 0x00, 0x39, 0x35,
	0x60, 0x57, 0x40, 0x00, 0x0F, 0x85, 0xDA, 0x01, 0x00, 0x00, 0x83, 0x3D, 0x48, 0x57, 0x40, 0x00,
	0x0A, 0x0F, 0x82, 0xCD, 0x01, 0x00, 0x00, 0xFF, 0x75, 0x08, 0xE8, 0x65, 0x02, 0x00, 0x00, 0x59,
	0xE9, 0xBF, 0x01, 0x00, 0x00, 0x0F, 0xB7, 0x45, 0x10, 0x48, 0x48, 0x0F, 0x85, 0xB3, 0x01, 0x00,
	0x00, 0xEB, 0xE4, 0x53, 0xBF, 0xE8, 0x03, 0x00, 0x00, 0xFF, 0x35, 0x40, 0x57, 0x40, 0x00, 0x33,
	0xF6, 0x57, 0x56, 0xFF, 0x75, 0x08, 0xE8, 0x93, 0xFE, 0xFF, 0xFF, 0x83, 0xC4, 0x10, 0x89, 0x35,
	0x48, 0x57, 0x40, 0x00, 0x56, 0x57, 0x6A, 0x01, 0xFF, 0x75, 0x08, 0xFF, 0x15, 0xF4, 0x40, 0x40,
	0x00, 0xFF, 0x75, 0x08, 0xA3, 0x44, 0x57, 0x40, 0x00, 0xFF, 0x15, 0xF0, 0x40, 0x40, 0x00, 0xBB,
	0x00, 0x01, 0x00, 0x00, 0x8B, 0xF8, 0x68, 0xD4, 0x01, 0x00, 0x00, 0x53, 0x57, 0xFF, 0x15, 0x0C,
	0x40, 0x40, 0x00, 0x57, 0xA3, 0x50, 0x57, 0x40, 0x00, 0xFF, 0x75, 0x08, 0xFF, 0x15, 0xEC, 0x40,
	0x40, 0x00, 0x56, 0xFF, 0x15, 0x10, 0x40, 0x40, 0x00, 0xFF, 0x35, 0x50, 0x57, 0x40, 0x00, 0x8B,
	0x3D, 0x00, 0x40, 0x40, 0x00, 0xA3, 0x58, 0x57, 0x40, 0x00, 0x50, 0xFF, 0xD7, 0x6A, 0x0C, 0xA3,
	0x54, 0x57, 0x40, 0x00, 0xFF, 0x15, 0x18, 0x40, 0x40, 0x00, 0x50, 0xFF, 0x35, 0x58, 0x57, 0x40,
	0x00, 0xFF, 0xD7, 0x68, 0xFF, 0xFF, 0xFF, 0x00, 0xFF, 0x35, 0x58, 0x57, 0x40, 0x00, 0xFF, 0x15,
	0x1C, 0x40, 0x40, 0x00, 0x6A, 0x06, 0xFF, 0x35, 0x58, 0x57, 0x40, 0x00, 0xFF, 0x15, 0x20, 0x40,
	0x40, 0x00, 0x8D, 0x45, 0xC8, 0x50, 0xFF, 0x35, 0x58, 0x57, 0x40, 0x00, 0xFF, 0x15, 0x24, 0x40,
	0x40, 0x00, 0x8B, 0x45, 0xD8, 0x8B, 0x4D, 0xC8, 0x56, 0x03, 0xC1, 0xFF, 0x35, 0x58, 0x57, 0x40,
	0x00, 0xA3, 0x5C, 0x57, 0x40, 0x00, 0x89, 0x35, 0x2C, 0x57, 0x40, 0x00, 0x89, 0x35, 0x28, 0x57,
	0x40, 0x00, 0xC7, 0x05, 0x34, 0x57, 0x40, 0x00, 0xD4, 0x01, 0x00, 0x00, 0x89, 0x1D, 0x30, 0x57,
	0x40, 0x00, 0xFF, 0x15, 0x28, 0x40, 0x40, 0x00, 0x56, 0x56, 0xBB, 0x28, 0x57, 0x40, 0x00, 0x8B,
	0x3D, 0x14, 0x40, 0x40, 0x00, 0x56, 0x53, 0x6A, 0x02, 0x56, 0x56, 0xFF, 0x35, 0x58, 0x57, 0x40,
	0x00, 0xFF, 0xD7, 0x89, 0x75, 0x14, 0xC7, 0x45, 0x08, 0x38, 0x50, 0x40, 0x00, 0x8B, 0x45, 0x08,
	0x56, 0xFF, 0x30, 0xFF, 0x15, 0x7C, 0x40, 0x40, 0x00, 0x50, 0x8B, 0x45, 0x08, 0xFF, 0x30, 0x53,
	0x6A, 0x04, 0xFF, 0x75, 0x14, 0x68, 0x80, 0x00, 0x00, 0x00, 0x00, 0xFF, 0x35, 0x58, 0x57, 0x40,
	0x00, 0xFF, 0xD7, 0xA1, 0x5C, 0x57, 0x40, 0x00, 0x83, 0x45, 0x08, 0x04, 0x01, 0x45, 0x14, 0x81,
	0x7D, 0x08, 0xC4, 0x50, 0x40, 0x00, 0x7C, 0xC6, 0x5B, 0xEB, 0x5A, 0x83, 0x3D, 0x44, 0x57, 0x40,
	0x00, 0x00, 0x74, 0x51, 0xFF, 0x75, 0x14, 0xE8, 0x7F, 0xFD, 0xFF, 0xFF, 0x59, 0xEB, 0x49, 0x8D,
	0x45, 0xC0, 0x50, 0xFF, 0x75, 0x08, 0xFF, 0x15, 0xE8, 0x40, 0x40, 0x00, 0x8B, 0xF8, 0x8D, 0x45,
	0xC8, 0x50, 0xFF, 0x15, 0xE4, 0x40, 0x40, 0x00, 0x85, 0xC0, 0x75, 0x1C, 0x33, 0xF6, 0x56, 0x57,
	0xFF, 0x15, 0x28, 0x40, 0x40, 0x00, 0x56, 0x56, 0x8D, 0x45, 0xC8, 0x56, 0x50, 0x6A, 0x02, 0x56,
	0x56, 0x57, 0xFF, 0x15, 0x14, 0x40, 0x40, 0x00, 0x8D, 0x45, 0xC0, 0x50, 0xFF, 0x75, 0x08, 0xFF,
	0x15, 0xE0, 0x40, 0x40, 0x00, 0x6A, 0x01, 0x58, 0x5F, 0x5E, 0xC9, 0xC2, 0x10, 0x00, 0x55, 0x8B,
	0xEC, 0x51, 0x53, 0x57, 0x8B, 0x3D, 0x84, 0x40, 0x40, 0x00, 0xFF, 0xD7, 0x33, 0xDB, 0x89, 0x45,
	0xFC, 0x39, 0x1D, 0x34, 0x50, 0x40, 0x00, 0x74, 0x74, 0x56, 0xFF, 0xD7, 0x3B, 0x45, 0xFC, 0x72,
	0x63, 0xFF, 0x35, 0x3C, 0x57, 0x40, 0x00, 0xFF, 0x15, 0xF0, 0x40, 0x40, 0x00, 0x68, 0x20, 0x00,
	0xCC, 0x00, 0x53, 0x8B, 0xF0, 0xA1, 0x30, 0x50, 0x40, 0x00, 0x53, 0xB9, 0xAA, 0x00, 0x00, 0x00,
	0x00, 0xFF, 0x35, 0x58, 0x57, 0x40, 0x00, 0x2B, 0xC8, 0x51, 0x68, 0x00, 0x01, 0x00, 0x00, 0x50,
	0x53, 0x56, 0xFF, 0x15, 0x08, 0x40, 0x40, 0x00, 0x56, 0xFF, 0x35, 0x3C, 0x57, 0x40, 0x00, 0xFF,
	0x15, 0xEC, 0x40, 0x40, 0x00, 0xFF, 0x0D, 0x30, 0x50, 0x40, 0x00, 0x81, 0x3D, 0x30, 0x50, 0x40,
	0x00, 0x2C, 0xFE, 0xFF, 0xFF, 0x7D, 0x0A, 0xC7, 0x05, 0x30, 0x50, 0x40, 0x00, 0xAA, 0x00, 0x00,
	0x00, 0x00, 0x83, 0x45, 0xFC, 0x32, 0x39, 0x1D, 0x34, 0x50, 0x40, 0x00, 0x75, 0x8E, 0x5E, 0x5F,
	0x33, 0xC0, 0x5B, 0xC9, 0xC2, 0x04, 0x00, 0x83, 0x25, 0x34, 0x50, 0x40, 0x00, 0x00, 0x56, 0x6A,
	0x00, 0x68, 0xE8, 0x03, 0x00, 0x00, 0x6A, 0x02, 0xFF, 0x74, 0x24, 0x14, 0xE8, 0x40, 0xFC, 0xFF,
	0xFF, 0x83, 0xC4, 0x10, 0xFF, 0x35, 0x54, 0x57, 0x40, 0x00, 0xFF, 0x35, 0x58, 0x57, 0x40, 0x00,
	0xFF, 0x15, 0x00, 0x40, 0x40, 0x00, 0x8B, 0x35, 0x04, 0x40, 0x40, 0x00, 0x50, 0xFF, 0xD6, 0xFF,
	0x35, 0x58, 0x57, 0x40, 0x00, 0xFF, 0xD6, 0xFF, 0x35, 0x4C, 0x57, 0x40, 0x00, 0xFF, 0x15, 0x88,
	0x40, 0x40, 0x00, 0x6A, 0x00, 0xFF, 0x74, 0x24, 0x0C, 0xFF, 0x15, 0x04, 0x41, 0x40, 0x00, 0x6A,
	0x00, 0xFF, 0x15, 0x00, 0x41, 0x40, 0x00, 0x5E, 0xC3, 0x55, 0x8B, 0xEC, 0x83, 0xEC, 0x1C, 0x53,
	0x57, 0xBB, 0xB4, 0x52, 0x40, 0x00, 0x33, 0xFF, 0x53, 0x57, 0xFF, 0x15, 0x08, 0x41, 0x40, 0x00,
	0x85, 0xC0, 0x74, 0x04, 0x33, 0xC0, 0xEB, 0x73, 0x56, 0x8B, 0x75, 0x08, 0x57, 0x6A, 0x10, 0x6A,
	0x10, 0x6A, 0x01, 0x68, 0xA4, 0x52, 0x40, 0x00, 0x56, 0x89, 0x35, 0x38, 0x57, 0x40, 0x00, 0xFF,
	0x15, 0x0C, 0x41, 0x40, 0x00, 0x57, 0x68, 0x67, 0x10, 0x40, 0x00, 0x57, 0x6A, 0x67, 0x56, 0xA3,
	0x40, 0x57, 0x40, 0x00, 0xFF, 0x15, 0x10, 0x41, 0x40, 0x00, 0x53, 0x50, 0xA3, 0x3C, 0x57, 0x40,
	0x00, 0xFF, 0x15, 0x14, 0x41, 0x40, 0x00, 0x8B, 0x35, 0x18, 0x41, 0x40, 0x00, 0x57, 0x57, 0x8D,
	0x45, 0xE4, 0x57, 0x50, 0xFF, 0xD6, 0x85, 0xC0, 0x74, 0x1D, 0x8D, 0x45, 0xE4, 0x50, 0xFF, 0x15,
	0x1C, 0x41, 0x40, 0x00, 0x8D, 0x45, 0xE4, 0x50, 0xFF, 0x15, 0x20, 0x41, 0x40, 0x00, 0x57, 0x57,
	0x8D, 0x45, 0xE4, 0x57, 0x50, 0xEB, 0xDD, 0x6A, 0x01, 0x58, 0x5E, 0x5F, 0x5B, 0xC9, 0xC2, 0x10,
	0x00, 0x55, 0x8B, 0xEC, 0x6A, 0xFF, 0x68, 0x28, 0x41, 0x40, 0x00, 0x68, 0xD4, 0x1F, 0x40, 0x00,
	0x64, 0xA1, 0x00, 0x00, 0x00, 0x01, 0x50, 0x64, 0x89, 0x25, 0x00, 0x00, 0x00, 0x01, 0x83, 0xEC,
	0x58, 0x53, 0x56, 0x57, 0x89, 0x65, 0xE8, 0xFF, 0x15, 0x98, 0x40, 0x40, 0x00, 0x33, 0xD2, 0x8A,
	0xD4, 0x89, 0x15, 0x88, 0x57, 0x40, 0x00, 0x8B, 0xC8, 0x81, 0xE1, 0xFF, 0x00, 0x00, 0x00, 0x00,
	0x89, 0x0D, 0x84, 0x57, 0x40, 0x00, 0xC1, 0xE1, 0x08, 0x03, 0xCA, 0x89, 0x0D, 0x80, 0x57, 0x40,
	0x00, 0xC1, 0xE8, 0x10, 0xA3, 0x7C, 0x57, 0x40, 0x00, 0x33, 0xF6, 0x56, 0xE8, 0xA1, 0x09, 0x00,
	0x00, 0x59, 0x85, 0xC0, 0x75, 0x08, 0x6A, 0x1C, 0xE8, 0xB0, 0x00, 0x00, 0x00, 0x00, 0x59, 0x89,
	0x75, 0xFC, 0xE8, 0xE1, 0x07, 0x00, 0x00, 0xFF, 0x15, 0x94, 0x40, 0x40, 0x00, 0xA3, 0x78, 0x5C,
	0x40, 0x00, 0xE8, 0x9F, 0x06, 0x00, 0x00, 0xA3, 0x64, 0x57, 0x40, 0x00, 0xE8, 0x48, 0x04, 0x00,
	0x00, 0xE8, 0x8A, 0x03, 0x00, 0x00, 0xE8, 0xA7, 0x00, 0x00, 0x00, 0x00, 0x89, 0x75, 0xD0, 0x8D,
	0x45, 0xA4, 0x50, 0xFF, 0x15, 0x90, 0x40, 0x40, 0x00, 0xE8, 0x1B, 0x03, 0x00, 0x00, 0x89, 0x45,
	0x9C, 0xF6, 0x45, 0xD0, 0x01, 0x74, 0x06, 0x0F, 0xB7, 0x45, 0xD4, 0xEB, 0x03, 0x6A, 0x0A, 0x58,
	0x50, 0xFF, 0x75, 0x9C, 0x56, 0x56, 0xFF, 0x15, 0x30, 0x40, 0x40, 0x00, 0x50, 0xE8, 0x9A, 0xFE,
	0xFF, 0xFF, 0x89, 0x45, 0xA0, 0x50, 0xE8, 0x95, 0x00, 0x00, 0x00, 0x00, 0x8B, 0x45, 0xEC, 0x8B,
	0x08, 0x8B, 0x09, 0x89, 0x4D, 0x98, 0x50, 0x51, 0xE8, 0x59, 0x01, 0x00, 0x00, 0x59, 0x59, 0xC3,
	0x8B, 0x65, 0xE8, 0xFF, 0x75, 0x98, 0xE8, 0x87, 0x00, 0x00, 0x00, 0x00, 0x83, 0x3D, 0x6C, 0x57,
	0x40, 0x00, 0x01, 0x75, 0x05, 0xE8, 0x08, 0x0B, 0x00, 0x00, 0xFF, 0x74, 0x24, 0x04, 0xE8, 0x38,
	0x0B, 0x00, 0x00, 0x68, 0xFF, 0x00, 0x00, 0x00, 0x00, 0xFF, 0x15, 0xC8, 0x52, 0x40, 0x00, 0x59,
	0x59, 0xC3, 0x83, 0x3D, 0x6C, 0x57, 0x40, 0x00, 0x01, 0x75, 0x05, 0xE8, 0xE3, 0x0A, 0x00, 0x00,
	0xFF, 0x74, 0x24, 0x04, 0xE8, 0x13, 0x0B, 0x00, 0x00, 0x59, 0x68, 0xFF, 0x00, 0x00, 0x00, 0x00,
	0xFF, 0x15, 0x9C, 0x40, 0x40, 0x00, 0xC3, 0xA1, 0x74, 0x5C, 0x40, 0x00, 0x85, 0xC0, 0x74, 0x02,
	0xFF, 0xD0, 0x68, 0x10, 0x50, 0x40, 0x00, 0x68, 0x08, 0x50, 0x40, 0x00, 0xE8, 0xCE, 0x00, 0x00,
	0x00, 0x00, 0x68, 0x04, 0x50, 0x40, 0x00, 0x68, 0x00, 0x50, 0x40, 0x00, 0xE8, 0xBF, 0x00, 0x00,
	0x00, 0x00, 0x83, 0xC4, 0x10, 0xC3, 0x6A, 0x00, 0x6A, 0x00, 0xFF, 0x74, 0x24, 0x0C, 0xE8, 0x15,
	0x00, 0x00, 0x00, 0x00, 0x83, 0xC4, 0x0C, 0xC3, 0x6A, 0x00, 0x6A, 0x01, 0xFF, 0x74, 0x24, 0x0C,
	0xE8, 0x04, 0x00, 0x00, 0x00, 0x00, 0x83, 0xC4, 0x0C, 0xC3, 0x57, 0x6A, 0x01, 0x5F, 0x39, 0x3D,
	0xB8, 0x57, 0x40, 0x00, 0x75, 0x11, 0xFF, 0x74, 0x24, 0x08, 0xFF, 0x15, 0x38, 0x40, 0x40, 0x00,
	0x50, 0xFF, 0x15, 0xA0, 0x40, 0x40, 0x00, 0x83, 0x7C, 0x24, 0x0C, 0x00, 0x53, 0x8B, 0x5C, 0x24,
	0x14, 0x89, 0x3D, 0xB4, 0x57, 0x40, 0x00, 0x88, 0x1D, 0xB0, 0x57, 0x40, 0x00, 0x75, 0x3C, 0xA1,
	0x70, 0x5C, 0x40, 0x00, 0x85, 0xC0, 0x74, 0x22, 0x8B, 0x0D, 0x6C, 0x5C, 0x40, 0x00, 0x56, 0x8D,
	0x71, 0xFC, 0x3B, 0xF0, 0x72, 0x13, 0x8B, 0x06, 0x85, 0xC0, 0x74, 0x02, 0xFF, 0xD0, 0x83, 0xEE,
	0x04, 0x3B, 0x35, 0x70, 0x5C, 0x40, 0x00, 0x73, 0xED, 0x5E, 0x68, 0x18, 0x50, 0x40, 0x00, 0x68,
	0x14, 0x50, 0x40, 0x00, 0xE8, 0x2A, 0x00, 0x00, 0x00, 0x00, 0x59, 0x59, 0x68, 0x20, 0x50, 0x40,
	0x00, 0x68, 0x1C, 0x50, 0x40, 0x00, 0xE8, 0x19, 0x00, 0x00, 0x00, 0x00, 0x59, 0x59, 0x85, 0xDB,
	0x5B, 0x75, 0x10, 0xFF, 0x74, 0x24, 0x08, 0x89, 0x3D, 0xB8, 0x57, 0x40, 0x00, 0xFF, 0x15, 0x9C,
	0x40, 0x40, 0x00, 0x5F, 0xC3, 0x56, 0x8B, 0x74, 0x24, 0x08, 0x3B, 0x74, 0x24, 0x0C, 0x73, 0x0D,
	0x8B, 0x06, 0x85, 0xC0, 0x74, 0x02, 0xFF, 0xD0, 0x83, 0xC6, 0x04, 0xEB, 0xED, 0x5E, 0xC3, 0x55,
	0x8B, 0xEC, 0x53, 0xFF, 0x75, 0x08, 0xE8, 0x35, 0x01, 0x00, 0x00, 0x85, 0xC0, 0x59, 0x0F, 0x84,
	0x20, 0x01, 0x00, 0x00, 0x8B, 0x58, 0x08, 0x85, 0xDB, 0x0F, 0x84, 0x15, 0x01, 0x00, 0x00, 0x83,
	0xFB, 0x05, 0x75, 0x0C, 0x83, 0x60, 0x08, 0x00, 0x6A, 0x01, 0x58, 0xE9, 0x0D, 0x01, 0x00, 0x00,
	0x83, 0xFB, 0x01, 0x0F, 0x84, 0xF6, 0x00, 0x00, 0x00, 0x00, 0x8B, 0x0D, 0xBC, 0x57, 0x40, 0x00,
	0x89, 0x4D, 0x08, 0x8B, 0x4D, 0x0C, 0x89, 0x0D, 0xBC, 0x57, 0x40, 0x00, 0x8B, 0x48, 0x04, 0x83,
	0xF9, 0x08, 0x0F, 0x85, 0xC8, 0x00, 0x00, 0x00, 0x00, 0x8B, 0x0D, 0x48, 0x53, 0x40, 0x00, 0x8B,
	0x15, 0x4C, 0x53, 0x40, 0x00, 0x03, 0xD1, 0x56, 0x3B, 0xCA, 0x7D, 0x15, 0x8D, 0x34, 0x49, 0x2B,
	0xD1, 0x8D, 0x34, 0xB5, 0xD8, 0x52, 0x40, 0x00, 0x83, 0x26, 0x00, 0x83, 0xC6, 0x0C, 0x4A, 0x75,
	0xF7, 0x8B, 0x00, 0x8B, 0x35, 0x54, 0x53, 0x40, 0x00, 0x3D, 0x8E, 0x00, 0x00, 0xC0, 0x75, 0x0C,
	0xC7, 0x05, 0x54, 0x53, 0x40, 0x00, 0x83, 0x00, 0x00, 0x00, 0x00, 0xEB, 0x70, 0x3D, 0x90, 0x00,
	0x00, 0xC0, 0x75, 0x0C, 0xC7, 0x05, 0x54, 0x53, 0x40, 0x00, 0x81, 0x00, 0x00, 0x00, 0x00, 0xEB,
	0x5D, 0x3D, 0x91, 0x00, 0x00, 0xC0, 0x75, 0x0C, 0xC7, 0x05, 0x54, 0x53, 0x40, 0x00, 0x84, 0x00,
	0x00, 0x00, 0x00, 0xEB, 0x4A, 0x3D, 0x93, 0x00, 0x00, 0xC0, 0x75, 0x0C, 0xC7, 0x05, 0x54, 0x53,
	0x40, 0x00, 0x85, 0x00, 0x00, 0x00, 0x00, 0xEB, 0x37, 0x3D, 0x8D, 0x00, 0x00, 0xC0, 0x75, 0x0C,
	0xC7, 0x05, 0x54, 0x53, 0x40, 0x00, 0x82, 0x00, 0x00, 0x00, 0x00, 0xEB, 0x24, 0x3D, 0x8F, 0x00,
	0x00, 0xC0, 0x75, 0x0C, 0xC7, 0x05, 0x54, 0x53, 0x40, 0x00, 0x86, 0x00, 0x00, 0x00, 0x00, 0xEB,
	0x11, 0x3D, 0x92, 0x00, 0x00, 0xC0, 0x75, 0x0A, 0xC7, 0x05, 0x54, 0x53, 0x40, 0x00, 0x8A, 0x00,
	0x00, 0x00, 0x00, 0xFF, 0x35, 0x54, 0x53, 0x40, 0x00, 0x6A, 0x08, 0xFF, 0xD3, 0x59, 0x89, 0x35,
	0x54, 0x53, 0x40, 0x00, 0x59, 0x5E, 0xEB, 0x08, 0x83, 0x60, 0x08, 0x00, 0x51, 0xFF, 0xD3, 0x59,
	0x8B, 0x45, 0x08, 0xA3, 0xBC, 0x57, 0x40, 0x00, 0x83, 0xC8, 0xFF, 0xEB, 0x09, 0xFF, 0x75, 0x0C,
	0xFF, 0x15, 0x34, 0x40, 0x40, 0x00, 0x5B, 0x5D, 0xC3, 0x8B, 0x54, 0x24, 0x04, 0x8B, 0x0D, 0x50,
	0x53, 0x40, 0x00, 0x39, 0x15, 0xD0, 0x52, 0x40, 0x00, 0x56, 0xB8, 0xD0, 0x52, 0x40, 0x00, 0x74,
	0x15, 0x8D, 0x34, 0x49, 0x8D, 0x34, 0xB5, 0xD0, 0x52, 0x40, 0x00, 0x83, 0xC0, 0x0C, 0x3B, 0xC6,
	0x73, 0x04, 0x39, 0x10, 0x75, 0xF5, 0x8D, 0x0C, 0x49, 0x5E, 0x8D, 0x0C, 0x8D, 0xD0, 0x52, 0x40,
	0x00, 0x3B, 0xC1, 0x73, 0x04, 0x39, 0x10, 0x74, 0x02, 0x33, 0xC0, 0xC3, 0x83, 0x3D, 0x68, 0x5C,
	0x40, 0x00, 0x00, 0x75, 0x05, 0xE8, 0xCB, 0x0D, 0x00, 0x00, 0x56, 0x8B, 0x35, 0x78, 0x5C, 0x40,
	0x00, 0x8A, 0x06, 0x3C, 0x22, 0x75, 0x25, 0x8A, 0x46, 0x01, 0x46, 0x3C, 0x22, 0x74, 0x15, 0x84,
	0xC0, 0x74, 0x11, 0x0F, 0xB6, 0xC0, 0x50, 0xE8, 0xA3, 0x09, 0x00, 0x00, 0x85, 0xC0, 0x59, 0x74,
	0xE6, 0x46, 0xEB, 0xE3, 0x80, 0x3E, 0x22, 0x75, 0x0D, 0x46, 0xEB, 0x0A, 0x3C, 0x20, 0x76, 0x06,
	0x46, 0x80, 0x3E, 0x20, 0x77, 0xFA, 0x8A, 0x06, 0x84, 0xC0, 0x74, 0x04, 0x3C, 0x20, 0x76, 0xE9,
	0x8B, 0xC6, 0x5E, 0xC3, 0x53, 0x33, 0xDB, 0x39, 0x1D, 0x68, 0x5C, 0x40, 0x00, 0x56, 0x57, 0x75,
	0x05, 0xE8, 0x6F, 0x0D, 0x00, 0x00, 0x8B, 0x35, 0x64, 0x57, 0x40, 0x00, 0x33, 0xFF, 0x8A, 0x06,
	0x3A, 0xC3, 0x74, 0x12, 0x3C, 0x3D, 0x74, 0x01, 0x47, 0x56, 0xE8, 0x18, 0x0F, 0x00, 0x00, 0x59,
	0x8D, 0x74, 0x06, 0x01, 0xEB, 0xE8, 0x8D, 0x04, 0xBD, 0x04, 0x00, 0x00, 0x00, 0x00, 0x50, 0xE8,
	0x84, 0x0E, 0x00, 0x00, 0x8B, 0xF0, 0x59, 0x3B, 0xF3, 0x89, 0x35, 0x98, 0x57, 0x40, 0x00, 0x75,
	0x08, 0x6A, 0x09, 0xE8, 0x86, 0xFC, 0xFF, 0xFF, 0x59, 0x8B, 0x3D, 0x64, 0x57, 0x40, 0x00, 0x38,
	0x1F, 0x74, 0x39, 0x55, 0x57, 0xE8, 0xDE, 0x0E, 0x00, 0x00, 0x8B, 0xE8, 0x59, 0x45, 0x80, 0x3F,
	0x3D, 0x74, 0x22, 0x55, 0xE8, 0x4F, 0x0E, 0x00, 0x00, 0x3B, 0xC3, 0x59, 0x89, 0x06, 0x75, 0x08,
	0x6A, 0x09, 0xE8, 0x57, 0xFC, 0xFF, 0xFF, 0x59, 0x57, 0xFF, 0x36, 0xE8, 0x48, 0x0D, 0x00, 0x00,
	0x59, 0x83, 0xC6, 0x04, 0x59, 0x03, 0xFD, 0x38, 0x1F, 0x75, 0xC9, 0x5D, 0xFF, 0x35, 0x64, 0x57,
	0x40, 0x00, 0xE8, 0xFB, 0x0C, 0x00, 0x00, 0x59, 0x89, 0x1D, 0x64, 0x57, 0x40, 0x00, 0x89, 0x1E,
	0x5F, 0x5E, 0xC7, 0x05, 0x64, 0x5C, 0x40, 0x00, 0x01, 0x00, 0x00, 0x00, 0x00, 0x5B, 0xC3, 0x55,
	0x8B, 0xEC, 0x51, 0x51, 0x53, 0x33, 0xDB, 0x39, 0x1D, 0x68, 0x5C, 0x40, 0x00, 0x56, 0x57, 0x75,
	0x05, 0xE8, 0xB1, 0x0C, 0x00, 0x00, 0xBE, 0xC0, 0x57, 0x40, 0x00, 0x68, 0x04, 0x01, 0x00, 0x00,
	0x56, 0x53, 0xFF, 0x15, 0xAC, 0x40, 0x40, 0x00, 0xA1, 0x78, 0x5C, 0x40, 0x00, 0x89, 0x35, 0xA8,
	0x57, 0x40, 0x00, 0x8B, 0xFE, 0x38, 0x18, 0x74, 0x02, 0x8B, 0xF8, 0x8D, 0x45, 0xF8, 0x50, 0x8D,
	0x45, 0xFC, 0x50, 0x53, 0x53, 0x57, 0xE8, 0x4D, 0x00, 0x00, 0x00, 0x00, 0x8B, 0x45, 0xF8, 0x8B,
	0x4D, 0xFC, 0x8D, 0x04, 0x88, 0x50, 0xE8, 0xAF, 0x0D, 0x00, 0x00, 0x8B, 0xF0, 0x83, 0xC4, 0x18,
	0x3B, 0xF3, 0x75, 0x08, 0x6A, 0x08, 0xE8, 0xB5, 0xFB, 0xFF, 0xFF, 0x59, 0x8D, 0x45, 0xF8, 0x50,
	0x8D, 0x45, 0xFC, 0x50, 0x8B, 0x45, 0xFC, 0x8D, 0x04, 0x86, 0x50, 0x56, 0x57, 0xE8, 0x17, 0x00,
	0x00, 0x00, 0x00, 0x8B, 0x45, 0xFC, 0x83, 0xC4, 0x14, 0x48, 0x89, 0x35, 0x90, 0x57, 0x40, 0x00,
	0x5F, 0x5E, 0xA3, 0x8C, 0x57, 0x40, 0x00, 0x5B, 0xC9, 0xC3, 0x55, 0x8B, 0xEC, 0x8B, 0x4D, 0x18,
	0x8B, 0x45, 0x14, 0x53, 0x56, 0x83, 0x21, 0x00, 0x8B, 0x75, 0x10, 0x57, 0x8B, 0x7D, 0x0C, 0xC7,
	0x00, 0x01, 0x00, 0x00, 0x00, 0x00, 0x8B, 0x45, 0x08, 0x85, 0xFF, 0x74, 0x08, 0x89, 0x37, 0x83,
	0xC7, 0x04, 0x89, 0x7D, 0x0C, 0x80, 0x38, 0x22, 0x75, 0x44, 0x8A, 0x50, 0x01, 0x40, 0x80, 0xFA,
	0x22, 0x74, 0x29, 0x84, 0xD2, 0x74, 0x25, 0x0F, 0xB6, 0xD2, 0xF6, 0x82, 0x41, 0x5A, 0x40, 0x00,
	0x04, 0x74, 0x0C, 0xFF, 0x01, 0x85, 0xF6, 0x74, 0x06, 0x8A, 0x10, 0x88, 0x16, 0x46, 0x40, 0xFF,
	0x01, 0x85, 0xF6, 0x74, 0xD5, 0x8A, 0x10, 0x88, 0x16, 0x46, 0xEB, 0xCE, 0xFF, 0x01, 0x85, 0xF6,
	0x74, 0x04, 0x80, 0x26, 0x00, 0x46, 0x80, 0x38, 0x22, 0x75, 0x46, 0x40, 0xEB, 0x43, 0xFF, 0x01,
	0x85, 0xF6, 0x74, 0x05, 0x8A, 0x10, 0x88, 0x16, 0x46, 0x8A, 0x10, 0x40, 0x0F, 0xB6, 0xDA, 0xF6,
	0x83, 0x41, 0x5A, 0x40, 0x00, 0x04, 0x74, 0x0C, 0xFF, 0x01, 0x85, 0xF6, 0x74, 0x05, 0x8A, 0x18,
	0x88, 0x1E, 0x46, 0x40, 0x80, 0xFA, 0x20, 0x74, 0x09, 0x84, 0xD2, 0x74, 0x09, 0x80, 0xFA, 0x09,
	0x75, 0xCC, 0x84, 0xD2, 0x75, 0x03, 0x48, 0xEB, 0x08, 0x85, 0xF6, 0x74, 0x04, 0x80, 0x66, 0xFF,
	0x00, 0x83, 0x65, 0x18, 0x00, 0x80, 0x38, 0x00, 0x0F, 0x84, 0xE0, 0x00, 0x00, 0x00, 0x00, 0x8A,
	0x10, 0x80, 0xFA, 0x20, 0x74, 0x05, 0x80, 0xFA, 0x09, 0x75, 0x03, 0x40, 0xEB, 0xF1, 0x80, 0x38,
	0x00, 0x0F, 0x84, 0xC8, 0x00, 0x00, 0x00, 0x00, 0x85, 0xFF, 0x74, 0x08, 0x89, 0x37, 0x83, 0xC7,
	0x04, 0x89, 0x7D, 0x0C, 0x8B, 0x55, 0x14, 0xFF, 0x02, 0xC7, 0x45, 0x08, 0x01, 0x00, 0x00, 0x00,
	0x00, 0x33, 0xDB, 0x80, 0x38, 0x5C, 0x75, 0x04, 0x40, 0x43, 0xEB, 0xF7, 0x80, 0x38, 0x22, 0x75,
	0x2C, 0xF6, 0xC3, 0x01, 0x75, 0x25, 0x33, 0xFF, 0x39, 0x7D, 0x18, 0x74, 0x0D, 0x80, 0x78, 0x01,
	0x22, 0x8D, 0x50, 0x01, 0x75, 0x04, 0x8B, 0xC2, 0xEB, 0x03, 0x89, 0x7D, 0x08, 0x8B, 0x7D, 0x0C,
	0x33, 0xD2, 0x39, 0x55, 0x18, 0x0F, 0x94, 0xC2, 0x89, 0x55, 0x18, 0xD1, 0xEB, 0x8B, 0xD3, 0x4B,
	0x85, 0xD2, 0x74, 0x0E, 0x43, 0x85, 0xF6, 0x74, 0x04, 0xC6, 0x06, 0x5C, 0x46, 0xFF, 0x01, 0x4B,
	0x75, 0xF3, 0x8A, 0x10, 0x84, 0xD2, 0x74, 0x4A, 0x83, 0x7D, 0x18, 0x00, 0x75, 0x0A, 0x80, 0xFA,
	0x20, 0x74, 0x3F, 0x80, 0xFA, 0x09, 0x74, 0x3A, 0x83, 0x7D, 0x08, 0x00, 0x74, 0x2E, 0x85, 0xF6,
	0x74, 0x19, 0x0F, 0xB6, 0xDA, 0xF6, 0x83, 0x41, 0x5A, 0x40, 0x00, 0x04, 0x74, 0x06, 0x88, 0x16,
	0x46, 0x40, 0xFF, 0x01, 0x8A, 0x10, 0x88, 0x16, 0x46, 0xEB, 0x0F, 0x0F, 0xB6, 0xD2, 0xF6, 0x82,
	0x41, 0x5A, 0x40, 0x00, 0x04, 0x74, 0x03, 0x40, 0xFF, 0x01, 0xFF, 0x01, 0x40, 0xE9, 0x58, 0xFF,
	0xFF, 0xFF, 0x85, 0xF6, 0x74, 0x04, 0x80, 0x26, 0x00, 0x46, 0xFF, 0x01, 0xE9, 0x17, 0xFF, 0xFF,
	0xFF, 0x85, 0xFF, 0x74, 0x03, 0x83, 0x27, 0x00, 0x8B, 0x45, 0x14, 0x5F, 0x5E, 0x5B, 0xFF, 0x00,
	0x5D, 0xC3, 0x51, 0x51, 0xA1, 0xC4, 0x58, 0x40, 0x00, 0x53, 0x55, 0x8B, 0x2D, 0xB0, 0x40, 0x40,
	0x00, 0x56, 0x57, 0x33, 0xDB, 0x33, 0xF6, 0x33, 0xFF, 0x3B, 0xC3, 0x75, 0x33, 0xFF, 0xD5, 0x8B,
	0xF0, 0x3B, 0xF3, 0x74, 0x0C, 0xC7, 0x05, 0xC4, 0x58, 0x40, 0x00, 0x01, 0x00, 0x00, 0x00, 0x00,
	0xEB, 0x28, 0xFF, 0x15, 0xBC, 0x40, 0x40, 0x00, 0x8B, 0xF8, 0x3B, 0xFB, 0x0F, 0x84, 0xEA, 0x00,
	0x00, 0x00, 0x00, 0xC7, 0x05, 0xC4, 0x58, 0x40, 0x00, 0x02, 0x00, 0x00, 0x00, 0x00, 0xE9, 0x8F,
	0x00, 0x00, 0x00, 0x00, 0x83, 0xF8, 0x01, 0x0F, 0x85, 0x81, 0x00, 0x00, 0x00, 0x00, 0x3B, 0xF3,
	0x75, 0x0C, 0xFF, 0xD5, 0x8B, 0xF0, 0x3B, 0xF3, 0x0F, 0x84, 0xC2, 0x00, 0x00, 0x00, 0x00, 0x66,
	0x39, 0x1E, 0x8B, 0xC6, 0x74, 0x0E, 0x40, 0x40, 0x66, 0x39, 0x18, 0x75, 0xF9, 0x40, 0x40, 0x66,
	0x39, 0x18, 0x75, 0xF2, 0x2B, 0xC6, 0x8B, 0x3D, 0xB8, 0x40, 0x40, 0x00, 0xD1, 0xF8, 0x53, 0x53,
	0x40, 0x53, 0x53, 0x50, 0x56, 0x53, 0x53, 0x89, 0x44, 0x24, 0x34, 0xFF, 0xD7, 0x8B, 0xE8, 0x3B,
	0xEB, 0x74, 0x32, 0x55, 0xE8, 0x1C, 0x0B, 0x00, 0x00, 0x3B, 0xC3, 0x59, 0x89, 0x44, 0x24, 0x10,
	0x74, 0x23, 0x53, 0x53, 0x55, 0x50, 0xFF, 0x74, 0x24, 0x24, 0x56, 0x53, 0x53, 0xFF, 0xD7, 0x85,
	0xC0, 0x75, 0x0E, 0xFF, 0x74, 0x24, 0x10, 0xE8, 0xD3, 0x09, 0x00, 0x00, 0x59, 0x89, 0x5C, 0x24,
	0x10, 0x8B, 0x5C, 0x24, 0x10, 0x56, 0xFF, 0x15, 0xB4, 0x40, 0x40, 0x00, 0x8B, 0xC3, 0xEB, 0x53,
	0x83, 0xF8, 0x02, 0x75, 0x4C, 0x3B, 0xFB, 0x75, 0x0C, 0xFF, 0x15, 0xBC, 0x40, 0x40, 0x00, 0x8B,
	0xF8, 0x3B, 0xFB, 0x74, 0x3C, 0x38, 0x1F, 0x8B, 0xC7, 0x74, 0x0A, 0x40, 0x38, 0x18, 0x75, 0xFB,
	0x40, 0x38, 0x18, 0x75, 0xF6, 0x2B, 0xC7, 0x40, 0x8B, 0xE8, 0x55, 0xE8, 0xB5, 0x0A, 0x00, 0x00,
	0x8B, 0xF0, 0x59, 0x3B, 0xF3, 0x75, 0x04, 0x33, 0xF6, 0xEB, 0x0B, 0x55, 0x57, 0x56, 0xE8, 0xA2,
	0x0B, 0x00, 0x00, 0x83, 0xC4, 0x0C, 0x57, 0xFF, 0x15, 0x8C, 0x40, 0x40, 0x00, 0x8B, 0xC6, 0xEB,
	0x02, 0x33, 0xC0, 0x5F, 0x5E, 0x5D, 0x5B, 0x59, 0x59, 0xC3, 0x83, 0xEC, 0x44, 0x53, 0x55, 0x56,
	0x57, 0x68, 0x00, 0x01, 0x00, 0x00, 0xE8, 0x7A, 0x0A, 0x00, 0x00, 0x8B, 0xF0, 0x59, 0x85, 0xF6,
	0x75, 0x08, 0x6A, 0x1B, 0xE8, 0x82, 0xF8, 0xFF, 0xFF, 0x59, 0x89, 0x35, 0x60, 0x5B, 0x40, 0x00,
	0xC7, 0x05, 0x60, 0x5C, 0x40, 0x00, 0x20, 0x00, 0x00, 0x00, 0x00, 0x8D, 0x86, 0x00, 0x01, 0x00,
	0x00, 0x3B, 0xF0, 0x73, 0x1A, 0x80, 0x66, 0x04, 0x00, 0x83, 0x0E, 0xFF, 0xC6, 0x46, 0x05, 0x0A,
	0xA1, 0x60, 0x5B, 0x40, 0x00, 0x83, 0xC6, 0x08, 0x05, 0x00, 0x01, 0x00, 0x00, 0xEB, 0xE2, 0x8D,
	0x44, 0x24, 0x10, 0x50, 0xFF, 0x15, 0x90, 0x40, 0x40, 0x00, 0x66, 0x83, 0x7C, 0x24, 0x42, 0x00,
	0x0F, 0x84, 0xC5, 0x00, 0x00, 0x00, 0x00, 0x8B, 0x44, 0x24, 0x44, 0x85, 0xC0, 0x0F, 0x84, 0xB9,
	0x00, 0x00, 0x00, 0x00, 0x8B, 0x30, 0x8D, 0x68, 0x04, 0xB8, 0x00, 0x08, 0x00, 0x00, 0x3B, 0xF0,
	0x8D, 0x1C, 0x2E, 0x7C, 0x02, 0x8B, 0xF0, 0x39, 0x35, 0x60, 0x5C, 0x40, 0x00, 0x7D, 0x52, 0xBF,
	0x64, 0x5B, 0x40, 0x00, 0x68, 0x00, 0x01, 0x00, 0x00, 0xE8, 0xEA, 0x09, 0x00, 0x00, 0x85, 0xC0,
	0x59, 0x74, 0x38, 0x83, 0x05, 0x60, 0x5C, 0x40, 0x00, 0x20, 0x89, 0x07, 0x8D, 0x88, 0x00, 0x01,
	0x00, 0x00, 0x3B, 0xC1, 0x73, 0x18, 0x80, 0x60, 0x04, 0x00, 0x83, 0x08, 0xFF, 0xC6, 0x40, 0x05,
	0x0A, 0x8B, 0x0F, 0x83, 0xC0, 0x08, 0x81, 0xC1, 0x00, 0x01, 0x00, 0x00, 0xEB, 0xE4, 0x83, 0xC7,
	0x04, 0x39, 0x35, 0x60, 0x5C, 0x40, 0x00, 0x7C, 0xBB, 0xEB, 0x06, 0x8B, 0x35, 0x60, 0x5C, 0x40,
	0x00, 0x33, 0xFF, 0x85, 0xF6, 0x7E, 0x46, 0x8B, 0x03, 0x83, 0xF8, 0xFF, 0x74, 0x36, 0x8A, 0x4D,
	0x00, 0xF6, 0xC1, 0x01, 0x74, 0x2E, 0xF6, 0xC1, 0x08, 0x75, 0x0B, 0x50, 0xFF, 0x15, 0xC8, 0x40,
	0x40, 0x00, 0x85, 0xC0, 0x74, 0x1E, 0x8B, 0xC7, 0x8B, 0xCF, 0xC1, 0xF8, 0x05, 0x83, 0xE1, 0x1F,
	0x8B, 0x04, 0x85, 0x60, 0x5B, 0x40, 0x00, 0x8D, 0x04, 0xC8, 0x8B, 0x0B, 0x89, 0x08, 0x8A, 0x4D,
	0x00, 0x88, 0x48, 0x04, 0x47, 0x45, 0x83, 0xC3, 0x04, 0x3B, 0xFE, 0x7C, 0xBA, 0x33, 0xDB, 0xA1,
	0x60, 0x5B, 0x40, 0x00, 0x83, 0x3C, 0xD8, 0xFF, 0x8D, 0x34, 0xD8, 0x75, 0x4D, 0x85, 0xDB, 0xC6,
	0x46, 0x04, 0x81, 0x75, 0x05, 0x6A, 0xF6, 0x58, 0xEB, 0x0A, 0x8B, 0xC3, 0x48, 0xF7, 0xD8, 0x1B,
	0xC0, 0x83, 0xC0, 0xF5, 0x50, 0xFF, 0x15, 0xC4, 0x40, 0x40, 0x00, 0x8B, 0xF8, 0x83, 0xFF, 0xFF,
	0x74, 0x17, 0x57, 0xFF, 0x15, 0xC8, 0x40, 0x40, 0x00, 0x85, 0xC0, 0x74, 0x0C, 0x25, 0xFF, 0x00,
	0x00, 0x00, 0x00, 0x89, 0x3E, 0x83, 0xF8, 0x02, 0x75, 0x06, 0x80, 0x4E, 0x04, 0x40, 0xEB, 0x0F,
	0x83, 0xF8, 0x03, 0x75, 0x0A, 0x80, 0x4E, 0x04, 0x08, 0xEB, 0x04, 0x80, 0x4E, 0x04, 0x80, 0x43,
	0x83, 0xFB, 0x03, 0x7C, 0x9B, 0xFF, 0x35, 0x60, 0x5C, 0x40, 0x00, 0xFF, 0x15, 0xC0, 0x40, 0x40,
	0x00, 0x5F, 0x5E, 0x5D, 0x5B, 0x83, 0xC4, 0x44, 0xC3, 0x33, 0xC0, 0x6A, 0x00, 0x39, 0x44, 0x24,
	0x08, 0x68, 0x00, 0x10, 0x00, 0x00, 0x0F, 0x94, 0xC0, 0x50, 0xFF, 0x15, 0xA4, 0x40, 0x40, 0x00,
	0x85, 0xC0, 0xA3, 0x48, 0x5B, 0x40, 0x00, 0x74, 0x15, 0xE8, 0xF0, 0x0C, 0x00, 0x00, 0x85, 0xC0,
	0x75, 0x0F, 0xFF, 0x35, 0x48, 0x5B, 0x40, 0x00, 0xFF, 0x15, 0xCC, 0x40, 0x40, 0x00, 0x33, 0xC0,
	0xC3, 0x6A, 0x01, 0x58, 0xC3, 0x55, 0x8B, 0xEC, 0x53, 0x56, 0x57, 0x55, 0x6A, 0x00, 0x6A, 0x00,
	0x68, 0xF4, 0x1E, 0x40, 0x00, 0xFF, 0x75, 0x08, 0xE8, 0x24, 0x1E, 0x00, 0x00, 0x5D, 0x5F, 0x5E,
	0x5B, 0x8B, 0xE5, 0x5D, 0xC3, 0x8B, 0x4C, 0x24, 0x04, 0xF7, 0x41, 0x04, 0x06, 0x00, 0x00, 0x00,
	0x00, 0xB8, 0x01, 0x00, 0x00, 0x00, 0x00, 0x74, 0x0F, 0x8B, 0x44, 0x24, 0x08, 0x8B, 0x54, 0x24,
	0x10, 0x89, 0x02, 0xB8, 0x03, 0x00, 0x00, 0x00, 0x00, 0xC3, 0x53, 0x56, 0x57, 0x8B, 0x44, 0x24,
	0x10, 0x50, 0x6A, 0xFE, 0x68, 0xFC, 0x1E, 0x40, 0x00, 0x64, 0xFF, 0x35, 0x00, 0x00, 0x00, 0x01,
	0x64, 0x89, 0x25, 0x00, 0x00, 0x00, 0x01, 0x8B, 0x44, 0x24, 0x20, 0x8B, 0x58, 0x08, 0x8B, 0x70,
	0x0C, 0x83, 0xFE, 0xFF, 0x74, 0x2E, 0x3B, 0x74, 0x24, 0x24, 0x74, 0x28, 0x8D, 0x34, 0x76, 0x8B,
	0x0C, 0xB3, 0x89, 0x4C, 0x24, 0x08, 0x89, 0x48, 0x0C, 0x83, 0x7C, 0xB3, 0x04, 0x00, 0x75, 0x12,
	0x68, 0x01, 0x01, 0x00, 0x00, 0x8B, 0x44, 0xB3, 0x08, 0xE8, 0x40, 0x00, 0x00, 0x00, 0x00, 0xFF,
	0x54, 0xB3, 0x08, 0xEB, 0xC3, 0x64, 0x8F, 0x05, 0x00, 0x00, 0x00, 0x01, 0x83, 0xC4, 0x0C, 0x5F,
	0x5E, 0x5B, 0xC3, 0x33, 0xC0, 0x64, 0x8B, 0x0D, 0x00, 0x00, 0x00, 0x01, 0x81, 0x79, 0x04, 0xFC,
	0x1E, 0x40, 0x00, 0x75, 0x10, 0x8B, 0x51, 0x0C, 0x8B, 0x52, 0x0C, 0x39, 0x51, 0x08, 0x75, 0x05,
	0xB8, 0x01, 0x00, 0x00, 0x00, 0x00, 0xC3, 0x53, 0x51, 0xBB, 0x64, 0x53, 0x40, 0x00, 0xEB, 0x0A,
	0x53, 0x51, 0xBB, 0x64, 0x53, 0x40, 0x00, 0x8B, 0x4D, 0x08, 0x89, 0x4B, 0x08, 0x89, 0x43, 0x04,
	0x89, 0x6B, 0x0C, 0x59, 0x5B, 0xC2, 0x04, 0x00, 0xCC, 0xCC, 0x56, 0x43, 0x32, 0x30, 0x58, 0x43,
	0x30, 0x30, 0x55, 0x8B, 0xEC, 0x83, 0xEC, 0x08, 0x53, 0x56, 0x57, 0x55, 0xFC, 0x8B, 0x5D, 0x0C,
	0x8B, 0x45, 0x08, 0xF7, 0x40, 0x04, 0x06, 0x00, 0x00, 0x00, 0x00, 0x0F, 0x85, 0x82, 0x00, 0x00,
	0x00, 0x00, 0x89, 0x45, 0xF8, 0x8B, 0x45, 0x10, 0x89, 0x45, 0xFC, 0x8D, 0x45, 0xF8, 0x89, 0x43,
	0xFC, 0x8B, 0x73, 0x0C, 0x8B, 0x7B, 0x08, 0x83, 0xFE, 0xFF, 0x74, 0x61, 0x8D, 0x0C, 0x76, 0x83,
	0x7C, 0x8F, 0x04, 0x00, 0x74, 0x45, 0x56, 0x55, 0x8D, 0x6B, 0x10, 0xFF, 0x54, 0x8F, 0x04, 0x5D,
	0x5E, 0x8B, 0x5D, 0x0C, 0x0B, 0xC0, 0x74, 0x33, 0x78, 0x3C, 0x8B, 0x7B, 0x08, 0x53, 0xE8, 0xA9,
	0xFE, 0xFF, 0xFF, 0x83, 0xC4, 0x04, 0x8D, 0x6B, 0x10, 0x56, 0x53, 0xE8, 0xDE, 0xFE, 0xFF, 0xFF,
	0x83, 0xC4, 0x08, 0x8D, 0x0C, 0x76, 0x6A, 0x01, 0x8B, 0x44, 0x8F, 0x08, 0xE8, 0x61, 0xFF, 0xFF,
	0xFF, 0x8B, 0x04, 0x8F, 0x89, 0x43, 0x0C, 0xFF, 0x54, 0x8F, 0x08, 0x8B, 0x7B, 0x08, 0x8D, 0x0C,
	0x76, 0x8B, 0x34, 0x8F, 0xEB, 0xA1, 0xB8, 0x00, 0x00, 0x00, 0x01, 0xEB, 0x1C, 0xB8, 0x01, 0x00,
	0x00, 0x00, 0x00, 0xEB, 0x15, 0x55, 0x8D, 0x6B, 0x10, 0x6A, 0xFF, 0x53, 0xE8, 0x9E, 0xFE, 0xFF,
	0xFF, 0x83, 0xC4, 0x08, 0x5D, 0xB8, 0x01, 0x00, 0x00, 0x00, 0x00, 0x5D, 0x5F, 0x5E, 0x5B, 0x8B,
	0xE5, 0x5D, 0xC3, 0x55, 0x8B, 0x4C, 0x24, 0x08, 0x8B, 0x29, 0x8B, 0x41, 0x1C, 0x50, 0x8B, 0x41,
	0x18, 0x50, 0xE8, 0x79, 0xFE, 0xFF, 0xFF, 0x83, 0xC4, 0x08, 0x5D, 0xC2, 0x04, 0x00, 0xA1, 0x6C,
	0x57, 0x40, 0x00, 0x83, 0xF8, 0x01, 0x74, 0x0D, 0x85, 0xC0, 0x75, 0x2A, 0x83, 0x3D, 0xCC, 0x52,
	0x40, 0x00, 0x01, 0x75, 0x21, 0x68, 0xFC, 0x00, 0x00, 0x00, 0x00, 0xE8, 0x18, 0x00, 0x00, 0x00,
	0x00, 0xA1, 0xC8, 0x58, 0x40, 0x00, 0x59, 0x85, 0xC0, 0x74, 0x02, 0xFF, 0xD0, 0x68, 0xFF, 0x00,
	0x00, 0x00, 0x00, 0xE8, 0x02, 0x00, 0x00, 0x00, 0x00, 0x59, 0xC3, 0x55, 0x8B, 0xEC, 0x81, 0xEC,
	0xA4, 0x01, 0x00, 0x00, 0x8B, 0x55, 0x08, 0x33, 0xC9, 0xB8, 0x78, 0x53, 0x40, 0x00, 0x3B, 0x10,
	0x74, 0x0B, 0x83, 0xC0, 0x08, 0x41, 0x3D, 0x08, 0x54, 0x40, 0x00, 0x7C, 0xF1, 0x56, 0x8B, 0xF1,
	0xC1, 0xE6, 0x03, 0x3B, 0x96, 0x78, 0x53, 0x40, 0x00, 0x0F, 0x85, 0x1C, 0x01, 0x00, 0x00, 0xA1,
	0x6C, 0x57, 0x40, 0x00, 0x83, 0xF8, 0x01, 0x0F, 0x84, 0xE8, 0x00, 0x00, 0x00, 0x00, 0x85, 0xC0,
	0x75, 0x0D, 0x83, 0x3D, 0xCC, 0x52, 0x40, 0x00, 0x01, 0x0F, 0x84, 0xD7, 0x00, 0x00, 0x00, 0x00,
	0x81, 0xFA, 0xFC, 0x00, 0x00, 0x00, 0x00, 0x0F, 0x84, 0xF1, 0x00, 0x00, 0x00, 0x00, 0x8D, 0x85,
	0x5C, 0xFE, 0xFF, 0xFF, 0x68, 0x04, 0x01, 0x00, 0x00, 0x50, 0x6A, 0x00, 0xFF, 0x15, 0xAC, 0x40,
	0x40, 0x00, 0x85, 0xC0, 0x75, 0x13, 0x8D, 0x85, 0x5C, 0xFE, 0xFF, 0xFF, 0x68, 0x0C, 0x44, 0x40,
	0x00, 0x50, 0xE8, 0x23, 0x05, 0x00, 0x00, 0x59, 0x59, 0x8D, 0x85, 0x5C, 0xFE, 0xFF, 0xFF, 0x57,
	0x50, 0x8D, 0xBD, 0x5C, 0xFE, 0xFF, 0xFF, 0xE8, 0x7E, 0x06, 0x00, 0x00, 0x40, 0x59, 0x83, 0xF8,
	0x3C, 0x76, 0x29, 0x8D, 0x85, 0x5C, 0xFE, 0xFF, 0xFF, 0x50, 0xE8, 0x6B, 0x06, 0x00, 0x00, 0x8B,
	0xF8, 0x8D, 0x85, 0x5C, 0xFE, 0xFF, 0xFF, 0x83, 0xE8, 0x3B, 0x6A, 0x03, 0x03, 0xF8, 0x68, 0x08,
	0x44, 0x40, 0x00, 0x57, 0xE8, 0xE1, 0x12, 0x00, 0x00, 0x83, 0xC4, 0x10, 0x8D, 0x85, 0x60, 0xFF,
	0xFF, 0xFF, 0x68, 0xEC, 0x43, 0x40, 0x00, 0x50, 0xE8, 0xCD, 0x04, 0x00, 0x00, 0x8D, 0x85, 0x60,
	0xFF, 0xFF, 0xFF, 0x57, 0x50, 0xE8, 0xD0, 0x04, 0x00, 0x00, 0x8D, 0x85, 0x60, 0xFF, 0xFF, 0xFF,
	0x68, 0xE8, 0x43, 0x40, 0x00, 0x50, 0xE8, 0xBF, 0x04, 0x00, 0x00, 0xFF, 0xB6, 0x7C, 0x53, 0x40,
	0x00, 0x8D, 0x85, 0x60, 0xFF, 0xFF, 0xFF, 0x50, 0xE8, 0xAD, 0x04, 0x00, 0x00, 0x68, 0x10, 0x20,
	0x01, 0x00, 0x8D, 0x85, 0x60, 0xFF, 0xFF, 0xFF, 0x68, 0xC0, 0x43, 0x40, 0x00, 0x50, 0xE8, 0xF5,
	0x11, 0x00, 0x00, 0x83, 0xC4, 0x2C, 0x5F, 0xEB, 0x26, 0x8D, 0x45, 0x08, 0x8D, 0xB6, 0x7C, 0x53,
	0x40, 0x00, 0x6A, 0x00, 0x50, 0xFF, 0x36, 0xE8, 0xDE, 0x05, 0x00, 0x00, 0x59, 0x50, 0xFF, 0x36,
	0x6A, 0xF4, 0xFF, 0x15, 0xC4, 0x40, 0x40, 0x00, 0x50, 0xFF, 0x15, 0x70, 0x40, 0x40, 0x00, 0x5E,
	0xC9, 0xC3, 0x6A, 0x04, 0x6A, 0x00, 0xFF, 0x74, 0x24, 0x0C, 0xE8, 0x04, 0x00, 0x00, 0x00, 0x00,
	0x83, 0xC4, 0x0C, 0xC3, 0x0F, 0xB6, 0x44, 0x24, 0x04, 0x8A, 0x4C, 0x24, 0x0C, 0x84, 0x88, 0x41,
	0x5A, 0x40, 0x00, 0x75, 0x1C, 0x83, 0x7C, 0x24, 0x08, 0x00, 0x74, 0x0E, 0x0F, 0xB7, 0x04, 0x45,
	0x1A, 0x55, 0x40, 0x00, 0x23, 0x44, 0x24, 0x08, 0xEB, 0x02, 0x33, 0xC0, 0x85, 0xC0, 0x75, 0x01,
	0xC3, 0x6A, 0x01, 0x58, 0xC3, 0x55, 0x8B, 0xEC, 0x83, 0xEC, 0x18, 0x53, 0x56, 0x57, 0xFF, 0x75,
	0x08, 0xE8, 0x88, 0x01, 0x00, 0x00, 0x8B, 0xF0, 0x59, 0x3B, 0x35, 0x24, 0x59, 0x40, 0x00, 0x89,
	0x75, 0x08, 0x0F, 0x84, 0x6A, 0x01, 0x00, 0x00, 0x33, 0xDB, 0x3B, 0xF3, 0x0F, 0x84, 0x56, 0x01,
	0x00, 0x00, 0x33, 0xD2, 0xB8, 0x10, 0x54, 0x40, 0x00, 0x39, 0x30, 0x74, 0x72, 0x83, 0xC0, 0x30,
	0x42, 0x3D, 0x00, 0x55, 0x40, 0x00, 0x7C, 0xF1, 0x8D, 0x45, 0xE8, 0x50, 0x56, 0xFF, 0x15, 0x6C,
	0x40, 0x40, 0x00, 0x83, 0xF8, 0x01, 0x0F, 0x85, 0x24, 0x01, 0x00, 0x00, 0x6A, 0x40, 0x33, 0xC0,
	0x59, 0xBF, 0x40, 0x5A, 0x40, 0x00, 0x83, 0x7D, 0xE8, 0x01, 0x89, 0x35, 0x24, 0x59, 0x40, 0x00,
	0xF3, 0xAB, 0xAA, 0x89, 0x1D, 0x44, 0x5B, 0x40, 0x00, 0x0F, 0x86, 0xEF, 0x00, 0x00, 0x00, 0x00,
	0x80, 0x7D, 0xEE, 0x00, 0x0F, 0x84, 0xBB, 0x00, 0x00, 0x00, 0x00, 0x8D, 0x4D, 0xEF, 0x8A, 0x11,
	0x84, 0xD2, 0x0F, 0x84, 0xAE, 0x00, 0x00, 0x00, 0x00, 0x0F, 0xB6, 0x41, 0xFF, 0x0F, 0xB6, 0xD2,
	0x3B, 0xC2, 0x0F, 0x87, 0x93, 0x00, 0x00, 0x00, 0x00, 0x80, 0x88, 0x41, 0x5A, 0x40, 0x00, 0x04,
	0x40, 0xEB, 0xEE, 0x6A, 0x40, 0x33, 0xC0, 0x59, 0xBF, 0x40, 0x5A, 0x40, 0x00, 0xF3, 0xAB, 0x8D,
	0x34, 0x52, 0x89, 0x5D, 0xFC, 0xC1, 0xE6, 0x04, 0xAA, 0x8D, 0x9E, 0x20, 0x54, 0x40, 0x00, 0x80,
	0x3B, 0x00, 0x8B, 0xCB, 0x74, 0x2C, 0x8A, 0x51, 0x01, 0x84, 0xD2, 0x74, 0x25, 0x0F, 0xB6, 0x01,
	0x0F, 0xB6, 0xFA, 0x3B, 0xC7, 0x77, 0x14, 0x8B, 0x55, 0xFC, 0x8A, 0x92, 0x08, 0x54, 0x40, 0x00,
	0x08, 0x90, 0x41, 0x5A, 0x40, 0x00, 0x40, 0x3B, 0xC7, 0x76, 0xF5, 0x41, 0x41, 0x80, 0x39, 0x00,
	0x75, 0xD4, 0xFF, 0x45, 0xFC, 0x83, 0xC3, 0x08, 0x83, 0x7D, 0xFC, 0x04, 0x72, 0xC1, 0x8B, 0x45,
	0x08, 0xC7, 0x05, 0x3C, 0x59, 0x40, 0x00, 0x01, 0x00, 0x00, 0x00, 0x00, 0x50, 0xA3, 0x24, 0x59,
	0x40, 0x00, 0xE8, 0xC6, 0x00, 0x00, 0x00, 0x00, 0x8D, 0xB6, 0x14, 0x54, 0x40, 0x00, 0xBF, 0x30,
	0x59, 0x40, 0x00, 0xA5, 0xA5, 0x59, 0xA3, 0x44, 0x5B, 0x40, 0x00, 0xA5, 0xEB, 0x55, 0x41, 0x41,
	0x80, 0x79, 0xFF, 0x00, 0x0F, 0x85, 0x48, 0xFF, 0xFF, 0xFF, 0x6A, 0x01, 0x58, 0x80, 0x88, 0x41,
	0x5A, 0x40, 0x00, 0x08, 0x40, 0x3D, 0xFF, 0x00, 0x00, 0x00, 0x00, 0x72, 0xF1, 0x56, 0xE8, 0x8C,
	0x00, 0x00, 0x00, 0x00, 0x59, 0xA3, 0x44, 0x5B, 0x40, 0x00, 0xC7, 0x05, 0x3C, 0x59, 0x40, 0x00,
	0x01, 0x00, 0x00, 0x00, 0x00, 0xEB, 0x06, 0x89, 0x1D, 0x3C, 0x59, 0x40, 0x00, 0x33, 0xC0, 0xBF,
	0x30, 0x59, 0x40, 0x00, 0xAB, 0xAB, 0xAB, 0xEB, 0x0D, 0x39, 0x1D, 0xCC, 0x58, 0x40, 0x00, 0x74,
	0x0E, 0xE8, 0x8E, 0x00, 0x00, 0x00, 0x00, 0xE8, 0xB2, 0x00, 0x00, 0x00, 0x00, 0x33, 0xC0, 0xEB,
	0x03, 0x83, 0xC8, 0xFF, 0x5F, 0x5E, 0x5B, 0xC9, 0xC3, 0x8B, 0x44, 0x24, 0x04, 0x83, 0x25, 0xCC,
	0x58, 0x40, 0x00, 0x00, 0x83, 0xF8, 0xFE, 0x75, 0x10, 0xC7, 0x05, 0xCC, 0x58, 0x40, 0x00, 0x01,
	0x00, 0x00, 0x00, 0x00, 0xFF, 0x25, 0x64, 0x40, 0x40, 0x00, 0x83, 0xF8, 0xFD, 0x75, 0x10, 0xC7,
	0x05, 0xCC, 0x58, 0x40, 0x00, 0x01, 0x00, 0x00, 0x00, 0x00, 0xFF, 0x25, 0x68, 0x40, 0x40, 0x00,
	0x83, 0xF8, 0xFC, 0x75, 0x0F, 0xA1, 0xF4, 0x58, 0x40, 0x00, 0xC7, 0x05, 0xCC, 0x58, 0x40, 0x00,
	0x01, 0x00, 0x00, 0x00, 0x00, 0xC3, 0x8B, 0x44, 0x24, 0x04, 0x2D, 0xA4, 0x03, 0x00, 0x00, 0x74,
	0x22, 0x83, 0xE8, 0x04, 0x74, 0x17, 0x83, 0xE8, 0x0D, 0x74, 0x0C, 0x48, 0x74, 0x03, 0x33, 0xC0,
	0xC3, 0xB8, 0x04, 0x04, 0x00, 0x00, 0xC3, 0xB8, 0x12, 0x04, 0x00, 0x00, 0xC3, 0xB8, 0x04, 0x08,
	0x00, 0x00, 0xC3, 0xB8, 0x11, 0x04, 0x00, 0x00, 0xC3, 0x57, 0x6A, 0x40, 0x59, 0x33, 0xC0, 0xBF,
	0x40, 0x5A, 0x40, 0x00, 0xF3, 0xAB, 0xAA, 0x33, 0xC0, 0xBF, 0x30, 0x59, 0x40, 0x00, 0xA3, 0x24,
	0x59, 0x40, 0x00, 0xA3, 0x3C, 0x59, 0x40, 0x00, 0xA3, 0x44, 0x5B, 0x40, 0x00, 0xAB, 0xAB, 0xAB,
	0x5F, 0xC3, 0x55, 0x8B, 0xEC, 0x81, 0xEC, 0x14, 0x05, 0x00, 0x00, 0x8D, 0x45, 0xEC, 0x56, 0x50,
	0xFF, 0x35, 0x24, 0x59, 0x40, 0x00, 0xFF, 0x15, 0x6C, 0x40, 0x40, 0x00, 0x83, 0xF8, 0x01, 0x0F,
	0x85, 0x16, 0x01, 0x00, 0x00, 0x33, 0xC0, 0xBE, 0x00, 0x01, 0x00, 0x00, 0x88, 0x84, 0x05, 0xEC,
	0xFE, 0xFF, 0xFF, 0x40, 0x3B, 0xC6, 0x72, 0xF4, 0x8A, 0x45, 0xF2, 0xC6, 0x85, 0xEC, 0xFE, 0xFF,
	0xFF, 0x20, 0x84, 0xC0, 0x74, 0x37, 0x53, 0x57, 0x8D, 0x55, 0xF3, 0x0F, 0xB6, 0x0A, 0x0F, 0xB6,
	0xC0, 0x3B, 0xC1, 0x77, 0x1D, 0x2B, 0xC8, 0x8D, 0xBC, 0x05, 0xEC, 0xFE, 0xFF, 0xFF, 0x41, 0xB8,
	0x20, 0x20, 0x20, 0x20, 0x8B, 0xD9, 0xC1, 0xE9, 0x02, 0xF3, 0xAB, 0x8B, 0xCB, 0x83, 0xE1, 0x03,
	0xF3, 0xAA, 0x42, 0x42, 0x8A, 0x42, 0xFF, 0x84, 0xC0, 0x75, 0xD0, 0x5F, 0x5B, 0x6A, 0x00, 0x8D,
	0x85, 0xEC, 0xFA, 0xFF, 0xFF, 0xFF, 0x35, 0x44, 0x5B, 0x40, 0x00, 0xFF, 0x35, 0x24, 0x59, 0x40,
	0x00, 0x50, 0x8D, 0x85, 0xEC, 0xFE, 0xFF, 0xFF, 0x56, 0x50, 0x6A, 0x01, 0xE8, 0x85, 0x12, 0x00,
	0x00, 0x6A, 0x00, 0x8D, 0x85, 0xEC, 0xFD, 0xFF, 0xFF, 0xFF, 0x35, 0x24, 0x59, 0x40, 0x00, 0x56,
	0x50, 0x8D, 0x85, 0xEC, 0xFE, 0xFF, 0xFF, 0x56, 0x50, 0x56, 0xFF, 0x35, 0x44, 0x5B, 0x40, 0x00,
	0xE8, 0x12, 0x10, 0x00, 0x00, 0x6A, 0x00, 0x8D, 0x85, 0xEC, 0xFC, 0xFF, 0xFF, 0xFF, 0x35, 0x24,
	0x59, 0x40, 0x00, 0x56, 0x50, 0x8D, 0x85, 0xEC, 0xFE, 0xFF, 0xFF, 0x56, 0x50, 0x68, 0x00, 0x02,
	0x00, 0x00, 0xFF, 0x35, 0x44, 0x5B, 0x40, 0x00, 0xE8, 0xEA, 0x0F, 0x00, 0x00, 0x83, 0xC4, 0x5C,
	0x33, 0xC0, 0x8D, 0x8D, 0xEC, 0xFA, 0xFF, 0xFF, 0x66, 0x8B, 0x11, 0xF6, 0xC2, 0x01, 0x74, 0x16,
	0x80, 0x88, 0x41, 0x5A, 0x40, 0x00, 0x10, 0x8A, 0x94, 0x05, 0xEC, 0xFD, 0xFF, 0xFF, 0x88, 0x90,
	0x40, 0x59, 0x40, 0x00, 0xEB, 0x1C, 0xF6, 0xC2, 0x02, 0x74, 0x10, 0x80, 0x88, 0x41, 0x5A, 0x40,
	0x00, 0x20, 0x8A, 0x94, 0x05, 0xEC, 0xFC, 0xFF, 0xFF, 0xEB, 0xE3, 0x80, 0xA0, 0x40, 0x59, 0x40,
	0x00, 0x00, 0x40, 0x41, 0x41, 0x3B, 0xC6, 0x72, 0xBF, 0xEB, 0x49, 0x33, 0xC0, 0xBE, 0x00, 0x01,
	0x00, 0x00, 0x83, 0xF8, 0x41, 0x72, 0x19, 0x83, 0xF8, 0x5A, 0x77, 0x14, 0x80, 0x88, 0x41, 0x5A,
	0x40, 0x00, 0x10, 0x8A, 0xC8, 0x80, 0xC1, 0x20, 0x88, 0x88, 0x40, 0x59, 0x40, 0x00, 0xEB, 0x1F,
	0x83, 0xF8, 0x61, 0x72, 0x13, 0x83, 0xF8, 0x7A, 0x77, 0x0E, 0x80, 0x88, 0x41, 0x5A, 0x40, 0x00,
	0x20, 0x8A, 0xC8, 0x80, 0xE9, 0x20, 0xEB, 0xE0, 0x80, 0xA0, 0x40, 0x59, 0x40, 0x00, 0x00, 0x40,
	0x3B, 0xC6, 0x72, 0xBE, 0x5E, 0xC9, 0xC3, 0x83, 0x3D, 0x68, 0x5C, 0x40, 0x00, 0x00, 0x75, 0x12,
	0x6A, 0xFD, 0xE8, 0x2C, 0xFC, 0xFF, 0xFF, 0x59, 0xC7, 0x05, 0x68, 0x5C, 0x40, 0x00, 0x01, 0x00,
	0x00, 0x00, 0x00, 0xC3, 0x56, 0x8B, 0x74, 0x24, 0x08, 0x85, 0xF6, 0x74, 0x24, 0x56, 0xE8, 0x8A,
	0x05, 0x00, 0x00, 0x59, 0x85, 0xC0, 0x56, 0x74, 0x0A, 0x50, 0xE8, 0xA9, 0x05, 0x00, 0x00, 0x59,
	0x59, 0x5E, 0xC3, 0x6A, 0x00, 0xFF, 0x35, 0x48, 0x5B, 0x40, 0x00, 0xFF, 0x15, 0x78, 0x40, 0x40,
	0x00, 0x5E, 0xC3, 0xCC, 0xCC, 0xCC, 0xCC, 0xCC, 0xCC, 0xCC, 0x57, 0x8B, 0x7C, 0x24, 0x08, 0xEB,
	0x6A, 0x8D, 0xA4, 0x24, 0x00, 0x00, 0x00, 0x01, 0x8B, 0xFF, 0x8B, 0x4C, 0x24, 0x04, 0x57, 0xF7,
	0xC1, 0x03, 0x00, 0x00, 0x00, 0x00, 0x74, 0x0F, 0x8A, 0x01, 0x41, 0x84, 0xC0, 0x74, 0x3B, 0xF7,
	0xC1, 0x03, 0x00, 0x00, 0x00, 0x00, 0x75, 0xF1, 0x8B, 0x01, 0xBA, 0xFF, 0xFE, 0xFE, 0x7E, 0x03,
	0xD0, 0x83, 0xF0, 0xFF, 0x33, 0xC2, 0x83, 0xC1, 0x04, 0xA9, 0x00, 0x01, 0x01, 0x81, 0x74, 0xE8,
	0x8B, 0x41, 0xFC, 0x84, 0xC0, 0x74, 0x23, 0x84, 0xE4, 0x74, 0x1A, 0xA9, 0x00, 0x00, 0xFF, 0x00,
	0x74, 0x0E, 0xA9, 0x00, 0x00, 0x00, 0x00, 0xFF, 0x74, 0x02, 0xEB, 0xCD, 0x8D, 0x79, 0xFF, 0xEB,
	0x0D, 0x8D, 0x79, 0xFE, 0xEB, 0x08, 0x8D, 0x79, 0xFD, 0xEB, 0x03, 0x8D, 0x79, 0xFC, 0x8B, 0x4C,
	0x24, 0x0C, 0xF7, 0xC1, 0x03, 0x00, 0x00, 0x00, 0x00, 0x74, 0x19, 0x8A, 0x11, 0x41, 0x84, 0xD2,
	0x74, 0x64, 0x88, 0x17, 0x47, 0xF7, 0xC1, 0x03, 0x00, 0x00, 0x00, 0x00, 0x75, 0xEE, 0xEB, 0x05,
	0x89, 0x17, 0x83, 0xC7, 0x04, 0xBA, 0xFF, 0xFE, 0xFE, 0x7E, 0x8B, 0x01, 0x03, 0xD0, 0x83, 0xF0,
	0xFF, 0x33, 0xC2, 0x8B, 0x11, 0x83, 0xC1, 0x04, 0xA9, 0x00, 0x01, 0x01, 0x81, 0x74, 0xE1, 0x84,
	0xD2, 0x74, 0x34, 0x84, 0xF6, 0x74, 0x27, 0xF7, 0xC2, 0x00, 0x00, 0xFF, 0x00, 0x74, 0x12, 0xF7,
	0xC2, 0x00, 0x00, 0x00, 0x00, 0xFF, 0x74, 0x02, 0xEB, 0xC7, 0x89, 0x17, 0x8B, 0x44, 0x24, 0x08,
	0x5F, 0xC3, 0x66, 0x89, 0x17, 0x8B, 0x44, 0x24, 0x08, 0xC6, 0x47, 0x02, 0x00, 0x5F, 0xC3, 0x66,
	0x89, 0x17, 0x8B, 0x44, 0x24, 0x08, 0x5F, 0xC3, 0x88, 0x17, 0x8B, 0x44, 0x24, 0x08, 0x5F, 0xC3,
	0xFF, 0x35, 0x04, 0x59, 0x40, 0x00, 0xFF, 0x74, 0x24, 0x08, 0xE8, 0x03, 0x00, 0x00, 0x00, 0x00,
	0x59, 0x59, 0xC3, 0x83, 0x7C, 0x24, 0x04, 0xE0, 0x77, 0x22, 0xFF, 0x74, 0x24, 0x04, 0xE8, 0x1C,
	0x00, 0x00, 0x00, 0x00, 0x85, 0xC0, 0x59, 0x75, 0x16, 0x39, 0x44, 0x24, 0x08, 0x74, 0x10, 0xFF,
	0x74, 0x24, 0x04, 0xE8, 0x70, 0x11, 0x00, 0x00, 0x85, 0xC0, 0x59, 0x75, 0xDE, 0x33, 0xC0, 0xC3,
	0x56, 0x8B, 0x74, 0x24, 0x08, 0x3B, 0x35, 0x00, 0x55, 0x40, 0x00, 0x77, 0x0B, 0x56, 0xE8, 0x78,
	0x07, 0x00, 0x00, 0x85, 0xC0, 0x59, 0x75, 0x1C, 0x85, 0xF6, 0x75, 0x03, 0x6A, 0x01, 0x5E, 0x83,
	0xC6, 0x0F, 0x83, 0xE6, 0xF0, 0x56, 0x6A, 0x00, 0xFF, 0x35, 0x48, 0x5B, 0x40, 0x00, 0xFF, 0x15,
	0x60, 0x40, 0x40, 0x00, 0x5E, 0xC3, 0xCC, 0xCC, 0xCC, 0xCC, 0xCC, 0xCC, 0xCC, 0xCC, 0xCC, 0xCC,
	0xCC, 0xCC, 0x8B, 0x4C, 0x24, 0x04, 0xF7, 0xC1, 0x03, 0x00, 0x00, 0x00, 0x00, 0x74, 0x14, 0x8A,
	0x01, 0x41, 0x84, 0xC0, 0x74, 0x40, 0xF7, 0xC1, 0x03, 0x00, 0x00, 0x00, 0x00, 0x75, 0xF1, 0x05,
	0x00, 0x00, 0x00, 0x01, 0x8B, 0x01, 0xBA, 0xFF, 0xFE, 0xFE, 0x7E, 0x03, 0xD0, 0x83, 0xF0, 0xFF,
	0x33, 0xC2, 0x83, 0xC1, 0x04, 0xA9, 0x00, 0x01, 0x01, 0x81, 0x74, 0xE8, 0x8B, 0x41, 0xFC, 0x84,
	0xC0, 0x74, 0x32, 0x84, 0xE4, 0x74, 0x24, 0xA9, 0x00, 0x00, 0xFF, 0x00, 0x74, 0x13, 0xA9, 0x00,
	0x00, 0x00, 0x00, 0xFF, 0x74, 0x02, 0xEB, 0xCD, 0x8D, 0x41, 0xFF, 0x8B, 0x4C, 0x24, 0x04, 0x2B,
	0xC1, 0xC3, 0x8D, 0x41, 0xFE, 0x8B, 0x4C, 0x24, 0x04, 0x2B, 0xC1, 0xC3, 0x8D, 0x41, 0xFD, 0x8B,
	0x4C, 0x24, 0x04, 0x2B, 0xC1, 0xC3, 0x8D, 0x41, 0xFC, 0x8B, 0x4C, 0x24, 0x04, 0x2B, 0xC1, 0xC3,
	0xCC, 0xCC, 0xCC, 0xCC, 0xCC, 0x55, 0x8B, 0xEC, 0x57, 0x56, 0x8B, 0x75, 0x0C, 0x8B, 0x4D, 0x10,
	0x8B, 0x7D, 0x08, 0x8B, 0xC1, 0x8B, 0xD1, 0x03, 0xC6, 0x3B, 0xFE, 0x76, 0x08, 0x3B, 0xF8, 0x0F,
	0x82, 0x78, 0x01, 0x00, 0x00, 0xF7, 0xC7, 0x03, 0x00, 0x00, 0x00, 0x00, 0x75, 0x14, 0xC1, 0xE9,
	0x02, 0x83, 0xE2, 0x03, 0x83, 0xF9, 0x08, 0x72, 0x29, 0xF3, 0xA5, 0xFF, 0x24, 0x95, 0xC8, 0x29,
	0x40, 0x00, 0x8B, 0xC7, 0xBA, 0x03, 0x00, 0x00, 0x00, 0x00, 0x83, 0xE9, 0x04, 0x72, 0x0C, 0x83,
	0xE0, 0x03, 0x03, 0xC8, 0xFF, 0x24, 0x85, 0xE0, 0x28, 0x40, 0x00, 0xFF, 0x24, 0x8D, 0xD8, 0x29,
	0x40, 0x00, 0x90, 0xFF, 0x24, 0x8D, 0x5C, 0x29, 0x40, 0x00, 0x90, 0xF0, 0x28, 0x40, 0x00, 0x1C,
	0x29, 0x40, 0x00, 0x40, 0x29, 0x40, 0x00, 0x23, 0xD1, 0x8A, 0x06, 0x88, 0x07, 0x8A, 0x46, 0x01,
	0x88, 0x47, 0x01, 0x8A, 0x46, 0x02, 0xC1, 0xE9, 0x02, 0x88, 0x47, 0x02, 0x83, 0xC6, 0x03, 0x83,
	0xC7, 0x03, 0x83, 0xF9, 0x08, 0x72, 0xCC, 0xF3, 0xA5, 0xFF, 0x24, 0x95, 0xC8, 0x29, 0x40, 0x00,
	0x8D, 0x49, 0x00, 0x23, 0xD1, 0x8A, 0x06, 0x88, 0x07, 0x8A, 0x46, 0x01, 0xC1, 0xE9, 0x02, 0x88,
	0x47, 0x01, 0x83, 0xC6, 0x02, 0x83, 0xC7, 0x02, 0x83, 0xF9, 0x08, 0x72, 0xA6, 0xF3, 0xA5, 0xFF,
	0x24, 0x95, 0xC8, 0x29, 0x40, 0x00, 0x90, 0x23, 0xD1, 0x8A, 0x06, 0x88, 0x07, 0x46, 0xC1, 0xE9,
	0x02, 0x47, 0x83, 0xF9, 0x08, 0x72, 0x8C, 0xF3, 0xA5, 0xFF, 0x24, 0x95, 0xC8, 0x29, 0x40, 0x00,
	0x8D, 0x49, 0x00, 0xBF, 0x29, 0x40, 0x00, 0xAC, 0x29, 0x40, 0x00, 0xA4, 0x29, 0x40, 0x00, 0x9C,
	0x29, 0x40, 0x00, 0x94, 0x29, 0x40, 0x00, 0x8C, 0x29, 0x40, 0x00, 0x84, 0x29, 0x40, 0x00, 0x7C,
	0x29, 0x40, 0x00, 0x8B, 0x44, 0x8E, 0xE4, 0x89, 0x44, 0x8F, 0xE4, 0x8B, 0x44, 0x8E, 0xE8, 0x89,
	0x44, 0x8F, 0xE8, 0x8B, 0x44, 0x8E, 0xEC, 0x89, 0x44, 0x8F, 0xEC, 0x8B, 0x44, 0x8E, 0xF0, 0x89,
	0x44, 0x8F, 0xF0, 0x8B, 0x44, 0x8E, 0xF4, 0x89, 0x44, 0x8F, 0xF4, 0x8B, 0x44, 0x8E, 0xF8, 0x89,
	0x44, 0x8F, 0xF8, 0x8B, 0x44, 0x8E, 0xFC, 0x89, 0x44, 0x8F, 0xFC, 0x8D, 0x04, 0x8D, 0x00, 0x00,
	0x00, 0x01, 0x03, 0xF0, 0x03, 0xF8, 0xFF, 0x24, 0x95, 0xC8, 0x29, 0x40, 0x00, 0x8B, 0xFF, 0xD8,
	0x29, 0x40, 0x00, 0xE0, 0x29, 0x40, 0x00, 0xEC, 0x29, 0x40, 0x00, 0x00, 0x2A, 0x40, 0x00, 0x8B,
	0x45, 0x08, 0x5E, 0x5F, 0xC9, 0xC3, 0x90, 0x8A, 0x06, 0x88, 0x07, 0x8B, 0x45, 0x08, 0x5E, 0x5F,
	0xC9, 0xC3, 0x90, 0x8A, 0x06, 0x88, 0x07, 0x8A, 0x46, 0x01, 0x88, 0x47, 0x01, 0x8B, 0x45, 0x08,
	0x5E, 0x5F, 0xC9, 0xC3, 0x8D, 0x49, 0x00, 0x8A, 0x06, 0x88, 0x07, 0x8A, 0x46, 0x01, 0x88, 0x47,
	0x01, 0x8A, 0x46, 0x02, 0x88, 0x47, 0x02, 0x8B, 0x45, 0x08, 0x5E, 0x5F, 0xC9, 0xC3, 0x90, 0x8D,
	0x74, 0x31, 0xFC, 0x8D, 0x7C, 0x39, 0xFC, 0xF7, 0xC7, 0x03, 0x00, 0x00, 0x00, 0x00, 0x75, 0x24,
	0xC1, 0xE9, 0x02, 0x83, 0xE2, 0x03, 0x83, 0xF9, 0x08, 0x72, 0x0D, 0xFD, 0xF3, 0xA5, 0xFC, 0xFF,
	0x24, 0x95, 0x60, 0x2B, 0x40, 0x00, 0x8B, 0xFF, 0xF7, 0xD9, 0xFF, 0x24, 0x8D, 0x10, 0x2B, 0x40,
	0x00, 0x8D, 0x49, 0x00, 0x8B, 0xC7, 0xBA, 0x03, 0x00, 0x00, 0x00, 0x00, 0x83, 0xF9, 0x04, 0x72,
	0x0C, 0x83, 0xE0, 0x03, 0x2B, 0xC8, 0xFF, 0x24, 0x85, 0x68, 0x2A, 0x40, 0x00, 0xFF, 0x24, 0x8D,
	0x60, 0x2B, 0x40, 0x00, 0x90, 0x78, 0x2A, 0x40, 0x00, 0x98, 0x2A, 0x40, 0x00, 0xC0, 0x2A, 0x40,
	0x00, 0x8A, 0x46, 0x03, 0x23, 0xD1, 0x88, 0x47, 0x03, 0x4E, 0xC1, 0xE9, 0x02, 0x4F, 0x83, 0xF9,
	0x08, 0x72, 0xB6, 0xFD, 0xF3, 0xA5, 0xFC, 0xFF, 0x24, 0x95, 0x60, 0x2B, 0x40, 0x00, 0x8D, 0x49,
	0x00, 0x8A, 0x46, 0x03, 0x23, 0xD1, 0x88, 0x47, 0x03, 0x8A, 0x46, 0x02, 0xC1, 0xE9, 0x02, 0x88,
	0x47, 0x02, 0x83, 0xEE, 0x02, 0x83, 0xEF, 0x02, 0x83, 0xF9, 0x08, 0x72, 0x8C, 0xFD, 0xF3, 0xA5,
	0xFC, 0xFF, 0x24, 0x95, 0x60, 0x2B, 0x40, 0x00, 0x90, 0x8A, 0x46, 0x03, 0x23, 0xD1, 0x88, 0x47,
	0x03, 0x8A, 0x46, 0x02, 0x88, 0x47, 0x02, 0x8A, 0x46, 0x01, 0xC1, 0xE9, 0x02, 0x88, 0x47, 0x01,
	0x83, 0xEE, 0x03, 0x83, 0xEF, 0x03, 0x83, 0xF9, 0x08, 0x0F, 0x82, 0x5A, 0xFF, 0xFF, 0xFF, 0xFD,
	0xF3, 0xA5, 0xFC, 0xFF, 0x24, 0x95, 0x60, 0x2B, 0x40, 0x00, 0x8D, 0x49, 0x00, 0x14, 0x2B, 0x40,
	0x00, 0x1C, 0x2B, 0x40, 0x00, 0x24, 0x2B, 0x40, 0x00, 0x2C, 0x2B, 0x40, 0x00, 0x34, 0x2B, 0x40,
	0x00, 0x3C, 0x2B, 0x40, 0x00, 0x44, 0x2B, 0x40, 0x00, 0x57, 0x2B, 0x40, 0x00, 0x8B, 0x44, 0x8E,
	0x1C, 0x89, 0x44, 0x8F, 0x1C, 0x8B, 0x44, 0x8E, 0x18, 0x89, 0x44, 0x8F, 0x18, 0x8B, 0x44, 0x8E,
	0x14, 0x89, 0x44, 0x8F, 0x14, 0x8B, 0x44, 0x8E, 0x10, 0x89, 0x44, 0x8F, 0x10, 0x8B, 0x44, 0x8E,
	0x0C, 0x89, 0x44, 0x8F, 0x0C, 0x8B, 0x44, 0x8E, 0x08, 0x89, 0x44, 0x8F, 0x08, 0x8B, 0x44, 0x8E,
	0x04, 0x89, 0x44, 0x8F, 0x04, 0x8D, 0x04, 0x8D, 0x00, 0x00, 0x00, 0x01, 0x03, 0xF0, 0x03, 0xF8,
	0xFF, 0x24, 0x95, 0x60, 0x2B, 0x40, 0x00, 0x8B, 0xFF, 0x70, 0x2B, 0x40, 0x00, 0x78, 0x2B, 0x40,
	0x00, 0x88, 0x2B, 0x40, 0x00, 0x9C, 0x2B, 0x40, 0x00, 0x8B, 0x45, 0x08, 0x5E, 0x5F, 0xC9, 0xC3,
	0x90, 0x8A, 0x46, 0x03, 0x88, 0x47, 0x03, 0x8B, 0x45, 0x08, 0x5E, 0x5F, 0xC9, 0xC3, 0x8D, 0x49,
	0x00, 0x8A, 0x46, 0x03, 0x88, 0x47, 0x03, 0x8A, 0x46, 0x02, 0x88, 0x47, 0x02, 0x8B, 0x45, 0x08,
	0x5E, 0x5F, 0xC9, 0xC3, 0x90, 0x8A, 0x46, 0x03, 0x88, 0x47, 0x03, 0x8A, 0x46, 0x02, 0x88, 0x47,
	0x02, 0x8A, 0x46, 0x01, 0x88, 0x47, 0x01, 0x8B, 0x45, 0x08, 0x5E, 0x5F, 0xC9, 0xC3, 0x68, 0x40,
	0x01, 0x00, 0x00, 0x6A, 0x00, 0xFF, 0x35, 0x48, 0x5B, 0x40, 0x00, 0xFF, 0x15, 0x60, 0x40, 0x40,
	0x00, 0x85, 0xC0, 0xA3, 0x20, 0x59, 0x40, 0x00, 0x75, 0x01, 0xC3, 0x83, 0x25, 0x18, 0x59, 0x40,
	0x00, 0x00, 0x83, 0x25, 0x1C, 0x59, 0x40, 0x00, 0x00, 0x6A, 0x01, 0xA3, 0x14, 0x59, 0x40, 0x00,
	0xC7, 0x05, 0x0C, 0x59, 0x40, 0x00, 0x10, 0x00, 0x00, 0x00, 0x00, 0x58, 0xC3, 0xA1, 0x1C, 0x59,
	0x40, 0x00, 0x8D, 0x0C, 0x80, 0xA1, 0x20, 0x59, 0x40, 0x00, 0x8D, 0x0C, 0x88, 0x3B, 0xC1, 0x73,
	0x14, 0x8B, 0x54, 0x24, 0x04, 0x2B, 0x50, 0x0C, 0x81, 0xFA, 0x00, 0x00, 0x10, 0x00, 0x72, 0x07,
	0x83, 0xC0, 0x14, 0xEB, 0xE8, 0x33, 0xC0, 0xC3, 0x55, 0x8B, 0xEC, 0x83, 0xEC, 0x14, 0x8B, 0x55,
	0x0C, 0x8B, 0x4D, 0x08, 0x53, 0x56, 0x8B, 0x41, 0x10, 0x8B, 0xF2, 0x2B, 0x71, 0x0C, 0x8B, 0x5A,
	0xFC, 0x83, 0xC2, 0xFC, 0x57, 0xC1, 0xEE, 0x0F, 0x8B, 0xCE, 0x8B, 0x7A, 0xFC, 0x69, 0xC9, 0x04,
	0x02, 0x00, 0x00, 0x4B, 0x89, 0x7D, 0xFC, 0x8D, 0x8C, 0x01, 0x44, 0x01, 0x00, 0x00, 0x89, 0x5D,
	0xF4, 0x89, 0x4D, 0xF0, 0x8B, 0x0C, 0x13, 0xF6, 0xC1, 0x01, 0x89, 0x4D, 0xF8, 0x75, 0x7F, 0xC1,
	0xF9, 0x04, 0x6A, 0x3F, 0x49, 0x5F, 0x89, 0x4D, 0x0C, 0x3B, 0xCF, 0x76, 0x03, 0x89, 0x7D, 0x0C,
	0x8B, 0x4C, 0x13, 0x04, 0x3B, 0x4C, 0x13, 0x08, 0x75, 0x48, 0x8B, 0x4D, 0x0C, 0x83, 0xF9, 0x20,
	0x73, 0x1C, 0xBF, 0x00, 0x00, 0x00, 0x00, 0x80, 0xD3, 0xEF, 0x8D, 0x4C, 0x01, 0x04, 0xF7, 0xD7,
	0x21, 0x7C, 0xB0, 0x44, 0xFE, 0x09, 0x75, 0x2B, 0x8B, 0x4D, 0x08, 0x21, 0x39, 0xEB, 0x24, 0x83,
	0xC1, 0xE0, 0xBF, 0x00, 0x00, 0x00, 0x00, 0x80, 0xD3, 0xEF, 0x8B, 0x4D, 0x0C, 0x8D, 0x4C, 0x01,
	0x04, 0xF7, 0xD7, 0x21, 0xBC, 0xB0, 0xC4, 0x00, 0x00, 0x00, 0x00, 0xFE, 0x09, 0x75, 0x06, 0x8B,
	0x4D, 0x08, 0x21, 0x79, 0x04, 0x8B, 0x4C, 0x13, 0x08, 0x8B, 0x7C, 0x13, 0x04, 0x89, 0x79, 0x04,
	0x8B, 0x4C, 0x13, 0x04, 0x8B, 0x7C, 0x13, 0x08, 0x03, 0x5D, 0xF8, 0x89, 0x79, 0x08, 0x89, 0x5D,
	0xF4, 0x8B, 0xFB, 0xC1, 0xFF, 0x04, 0x4F, 0x83, 0xFF, 0x3F, 0x76, 0x03, 0x6A, 0x3F, 0x5F, 0x8B,
	0x4D, 0xFC, 0x83, 0xE1, 0x01, 0x89, 0x4D, 0xEC, 0x0F, 0x85, 0xA0, 0x00, 0x00, 0x00, 0x00, 0x2B,
	0x55, 0xFC, 0x8B, 0x4D, 0xFC, 0xC1, 0xF9, 0x04, 0x6A, 0x3F, 0x89, 0x55, 0xF8, 0x49, 0x5A, 0x3B,
	0xCA, 0x89, 0x4D, 0x0C, 0x76, 0x05, 0x89, 0x55, 0x0C, 0x8B, 0xCA, 0x03, 0x5D, 0xFC, 0x8B, 0xFB,
	0x89, 0x5D, 0xF4, 0xC1, 0xFF, 0x04, 0x4F, 0x3B, 0xFA, 0x76, 0x02, 0x8B, 0xFA, 0x3B, 0xCF, 0x74,
	0x6B, 0x8B, 0x4D, 0xF8, 0x8B, 0x51, 0x04, 0x3B, 0x51, 0x08, 0x75, 0x48, 0x8B, 0x4D, 0x0C, 0x83,
	0xF9, 0x20, 0x73, 0x1C, 0xBA, 0x00, 0x00, 0x00, 0x00, 0x80, 0xD3, 0xEA, 0x8D, 0x4C, 0x01, 0x04,
	0xF7, 0xD2, 0x21, 0x54, 0xB0, 0x44, 0xFE, 0x09, 0x75, 0x2B, 0x8B, 0x4D, 0x08, 0x21, 0x11, 0xEB,
	0x24, 0x83, 0xC1, 0xE0, 0xBA, 0x00, 0x00, 0x00, 0x00, 0x80, 0xD3, 0xEA, 0x8B, 0x4D, 0x0C, 0x8D,
	0x4C, 0x01, 0x04, 0xF7, 0xD2, 0x21, 0x94, 0xB0, 0xC4, 0x00, 0x00, 0x00, 0x00, 0xFE, 0x09, 0x75,
	0x06, 0x8B, 0x4D, 0x08, 0x21, 0x51, 0x04, 0x8B, 0x4D, 0xF8, 0x8B, 0x51, 0x08, 0x8B, 0x49, 0x04,
	0x89, 0x4A, 0x04, 0x8B, 0x4D, 0xF8, 0x8B, 0x51, 0x04, 0x8B, 0x49, 0x08, 0x89, 0x4A, 0x08, 0x8B,
	0x55, 0xF8, 0x83, 0x7D, 0xEC, 0x00, 0x75, 0x09, 0x39, 0x7D, 0x0C, 0x0F, 0x84, 0x89, 0x00, 0x00,
	0x00, 0x00, 0x8B, 0x4D, 0xF0, 0x8D, 0x0C, 0xF9, 0x8B, 0x49, 0x04, 0x89, 0x4A, 0x04, 0x8B, 0x4D,
	0xF0, 0x8D, 0x0C, 0xF9, 0x89, 0x4A, 0x08, 0x89, 0x51, 0x04, 0x8B, 0x4A, 0x04, 0x89, 0x51, 0x08,
	0x8B, 0x4A, 0x04, 0x3B, 0x4A, 0x08, 0x75, 0x63, 0x8A, 0x4C, 0x07, 0x04, 0x83, 0xFF, 0x20, 0x88,
	0x4D, 0x0F, 0xFE, 0xC1, 0x88, 0x4C, 0x07, 0x04, 0x73, 0x25, 0x80, 0x7D, 0x0F, 0x00, 0x75, 0x0E,
	0xBB, 0x00, 0x00, 0x00, 0x00, 0x80, 0x8B, 0xCF, 0xD3, 0xEB, 0x8B, 0x4D, 0x08, 0x09, 0x19, 0xBB,
	0x00, 0x00, 0x00, 0x00, 0x80, 0x8B, 0xCF, 0xD3, 0xEB, 0x8D, 0x44, 0xB0, 0x44, 0x09, 0x18, 0xEB,
	0x29, 0x80, 0x7D, 0x0F, 0x00, 0x75, 0x10, 0x8D, 0x4F, 0xE0, 0xBB, 0x00, 0x00, 0x00, 0x00, 0x80,
	0xD3, 0xEB, 0x8B, 0x4D, 0x08, 0x09, 0x59, 0x04, 0x8D, 0x4F, 0xE0, 0xBF, 0x00, 0x00, 0x00, 0x00,
	0x80, 0xD3, 0xEF, 0x8D, 0x84, 0xB0, 0xC4, 0x00, 0x00, 0x00, 0x00, 0x09, 0x38, 0x8B, 0x5D, 0xF4,
	0x8B, 0x45, 0xF0, 0x89, 0x1A, 0x89, 0x5C, 0x13, 0xFC, 0xFF, 0x08, 0x0F, 0x85, 0xFA, 0x00, 0x00,
	0x00, 0x00, 0xA1, 0x18, 0x59, 0x40, 0x00, 0x85, 0xC0, 0x0F, 0x84, 0xDF, 0x00, 0x00, 0x00, 0x00,
	0x8B, 0x0D, 0x10, 0x59, 0x40, 0x00, 0x8B, 0x3D, 0xA8, 0x40, 0x40, 0x00, 0xC1, 0xE1, 0x0F, 0x03,
	0x48, 0x0C, 0xBB, 0x00, 0x80, 0x00, 0x00, 0x68, 0x00, 0x40, 0x00, 0x00, 0x53, 0x51, 0xFF, 0xD7,
	0x8B, 0x0D, 0x10, 0x59, 0x40, 0x00, 0xA1, 0x18, 0x59, 0x40, 0x00, 0xBA, 0x00, 0x00, 0x00, 0x00,
	0x80, 0xD3, 0xEA, 0x09, 0x50, 0x08, 0xA1, 0x18, 0x59, 0x40, 0x00, 0x8B, 0x0D, 0x10, 0x59, 0x40,
	0x00, 0x8B, 0x40, 0x10, 0x83, 0xA4, 0x88, 0xC4, 0x00, 0x00, 0x00, 0x01, 0xA1, 0x18, 0x59, 0x40,
	0x00, 0x8B, 0x40, 0x10, 0xFE, 0x48, 0x43, 0xA1, 0x18, 0x59, 0x40, 0x00, 0x8B, 0x48, 0x10, 0x80,
	0x79, 0x43, 0x00, 0x75, 0x09, 0x83, 0x60, 0x04, 0xFE, 0xA1, 0x18, 0x59, 0x40, 0x00, 0x83, 0x78,
	0x08, 0xFF, 0x75, 0x6C, 0x53, 0x6A, 0x00, 0xFF, 0x70, 0x0C, 0xFF, 0xD7, 0xA1, 0x18, 0x59, 0x40,
	0x00, 0xFF, 0x70, 0x10, 0x6A, 0x00, 0xFF, 0x35, 0x48, 0x5B, 0x40, 0x00, 0xFF, 0x15, 0x78, 0x40,
	0x40, 0x00, 0xA1, 0x1C, 0x59, 0x40, 0x00, 0x8B, 0x15, 0x20, 0x59, 0x40, 0x00, 0x8D, 0x04, 0x80,
	0xC1, 0xE0, 0x02, 0x8B, 0xC8, 0xA1, 0x18, 0x59, 0x40, 0x00, 0x2B, 0xC8, 0x8D, 0x4C, 0x11, 0xEC,
	0x51, 0x8D, 0x48, 0x14, 0x51, 0x50, 0xE8, 0x3F, 0x0A, 0x00, 0x00, 0x8B, 0x45, 0x08, 0x83, 0xC4,
	0x0C, 0xFF, 0x0D, 0x1C, 0x59, 0x40, 0x00, 0x3B, 0x05, 0x18, 0x59, 0x40, 0x00, 0x76, 0x03, 0x83,
	0xE8, 0x14, 0x8B, 0x0D, 0x20, 0x59, 0x40, 0x00, 0x89, 0x0D, 0x14, 0x59, 0x40, 0x00, 0xEB, 0x03,
	0x8B, 0x45, 0x08, 0xA3, 0x18, 0x59, 0x40, 0x00, 0x89, 0x35, 0x10, 0x59, 0x40, 0x00, 0x5F, 0x5E,
	0x5B, 0xC9, 0xC3, 0x55, 0x8B, 0xEC, 0x83, 0xEC, 0x14, 0xA1, 0x1C, 0x59, 0x40, 0x00, 0x8B, 0x15,
	0x20, 0x59, 0x40, 0x00, 0x53, 0x56, 0x8D, 0x04, 0x80, 0x57, 0x8D, 0x3C, 0x82, 0x8B, 0x45, 0x08,
	0x89, 0x7D, 0xFC, 0x8D, 0x48, 0x17, 0x83, 0xE1, 0xF0, 0x89, 0x4D, 0xF0, 0xC1, 0xF9, 0x04, 0x49,
	0x83, 0xF9, 0x20, 0x7D, 0x0E, 0x83, 0xCE, 0xFF, 0xD3, 0xEE, 0x83, 0x4D, 0xF8, 0xFF, 0x89, 0x75,
	0xF4, 0xEB, 0x10, 0x83, 0xC1, 0xE0, 0x83, 0xC8, 0xFF, 0x33, 0xF6, 0xD3, 0xE8, 0x89, 0x75, 0xF4,
	0x89, 0x45, 0xF8, 0xA1, 0x14, 0x59, 0x40, 0x00, 0x8B, 0xD8, 0x3B, 0xDF, 0x89, 0x5D, 0x08, 0x73,
	0x19, 0x8B, 0x4B, 0x04, 0x8B, 0x3B, 0x23, 0x4D, 0xF8, 0x23, 0xFE, 0x0B, 0xCF, 0x75, 0x0B, 0x83,
	0xC3, 0x14, 0x3B, 0x5D, 0xFC, 0x89, 0x5D, 0x08, 0x72, 0xE7, 0x3B, 0x5D, 0xFC, 0x75, 0x79, 0x8B,
	0xDA, 0x3B, 0xD8, 0x89, 0x5D, 0x08, 0x73, 0x15, 0x8B, 0x4B, 0x04, 0x8B, 0x3B, 0x23, 0x4D, 0xF8,
	0x23, 0xFE, 0x0B, 0xCF, 0x75, 0x05, 0x83, 0xC3, 0x14, 0xEB, 0xE6, 0x3B, 0xD8, 0x75, 0x59, 0x3B,
	0x5D, 0xFC, 0x73, 0x11, 0x83, 0x7B, 0x08, 0x00, 0x75, 0x08, 0x83, 0xC3, 0x14, 0x89, 0x5D, 0x08,
	0xEB, 0xED, 0x3B, 0x5D, 0xFC, 0x75, 0x26, 0x8B, 0xDA, 0x3B, 0xD8, 0x89, 0x5D, 0x08, 0x73, 0x0D,
	0x83, 0x7B, 0x08, 0x00, 0x75, 0x05, 0x83, 0xC3, 0x14, 0xEB, 0xEE, 0x3B, 0xD8, 0x75, 0x0E, 0xE8,
	0x38, 0x02, 0x00, 0x00, 0x8B, 0xD8, 0x85, 0xDB, 0x89, 0x5D, 0x08, 0x74, 0x14, 0x53, 0xE8, 0xDA,
	0x02, 0x00, 0x00, 0x59, 0x8B, 0x4B, 0x10, 0x89, 0x01, 0x8B, 0x43, 0x10, 0x83, 0x38, 0xFF, 0x75,
	0x07, 0x33, 0xC0, 0xE9, 0x0F, 0x02, 0x00, 0x00, 0x89, 0x1D, 0x14, 0x59, 0x40, 0x00, 0x8B, 0x43,
	0x10, 0x8B, 0x10, 0x83, 0xFA, 0xFF, 0x89, 0x55, 0xFC, 0x74, 0x14, 0x8B, 0x8C, 0x90, 0xC4, 0x00,
	0x00, 0x00, 0x00, 0x8B, 0x7C, 0x90, 0x44, 0x23, 0x4D, 0xF8, 0x23, 0xFE, 0x0B, 0xCF, 0x75, 0x37,
	0x8B, 0x90, 0xC4, 0x00, 0x00, 0x00, 0x00, 0x8B, 0x70, 0x44, 0x23, 0x55, 0xF8, 0x23, 0x75, 0xF4,
	0x83, 0x65, 0xFC, 0x00, 0x8D, 0x48, 0x44, 0x0B, 0xD6, 0x8B, 0x75, 0xF4, 0x75, 0x17, 0x8B, 0x91,
	0x84, 0x00, 0x00, 0x00, 0x00, 0xFF, 0x45, 0xFC, 0x23, 0x55, 0xF8, 0x83, 0xC1, 0x04, 0x8B, 0xFE,
	0x23, 0x39, 0x0B, 0xD7, 0x74, 0xE9, 0x8B, 0x55, 0xFC, 0x8B, 0xCA, 0x33, 0xFF, 0x69, 0xC9, 0x04,
	0x02, 0x00, 0x00, 0x8D, 0x8C, 0x01, 0x44, 0x01, 0x00, 0x00, 0x89, 0x4D, 0xF4, 0x8B, 0x4C, 0x90,
	0x44, 0x23, 0xCE, 0x75, 0x0D, 0x8B, 0x8C, 0x90, 0xC4, 0x00, 0x00, 0x00, 0x00, 0x6A, 0x20, 0x23,
	0x4D, 0xF8, 0x5F, 0x85, 0xC9, 0x7C, 0x05, 0xD1, 0xE1, 0x47, 0xEB, 0xF7, 0x8B, 0x4D, 0xF4, 0x8B,
	0x54, 0xF9, 0x04, 0x8B, 0x0A, 0x2B, 0x4D, 0xF0, 0x8B, 0xF1, 0x89, 0x4D, 0xF8, 0xC1, 0xFE, 0x04,
	0x4E, 0x83, 0xFE, 0x3F, 0x7E, 0x03, 0x6A, 0x3F, 0x5E, 0x3B, 0xF7, 0x0F, 0x84, 0x0D, 0x01, 0x00,
	0x00, 0x8B, 0x4A, 0x04, 0x3B, 0x4A, 0x08, 0x75, 0x61, 0x83, 0xFF, 0x20, 0x7D, 0x2B, 0xBB, 0x00,
	0x00, 0x00, 0x00, 0x80, 0x8B, 0xCF, 0xD3, 0xEB, 0x8B, 0x4D, 0xFC, 0x8D, 0x7C, 0x38, 0x04, 0xF7,
	0xD3, 0x89, 0x5D, 0xEC, 0x23, 0x5C, 0x88, 0x44, 0x89, 0x5C, 0x88, 0x44, 0xFE, 0x0F, 0x75, 0x38,
	0x8B, 0x5D, 0x08, 0x8B, 0x4D, 0xEC, 0x21, 0x0B, 0xEB, 0x31, 0x8D, 0x4F, 0xE0, 0xBB, 0x00, 0x00,
	0x00, 0x00, 0x80, 0xD3, 0xEB, 0x8B, 0x4D, 0xFC, 0x8D, 0x7C, 0x38, 0x04, 0x8D, 0x8C, 0x88, 0xC4,
	0x00, 0x00, 0x00, 0x00, 0xF7, 0xD3, 0x21, 0x19, 0xFE, 0x0F, 0x89, 0x5D, 0xEC, 0x75, 0x0B, 0x8B,
	0x5D, 0x08, 0x8B, 0x4D, 0xEC, 0x21, 0x4B, 0x04, 0xEB, 0x03, 0x8B, 0x5D, 0x08, 0x8B, 0x4A, 0x08,
	0x8B, 0x7A, 0x04, 0x83, 0x7D, 0xF8, 0x00, 0x89, 0x79, 0x04, 0x8B, 0x4A, 0x04, 0x8B, 0x7A, 0x08,
	0x89, 0x79, 0x08, 0x0F, 0x84, 0x94, 0x00, 0x00, 0x00, 0x00, 0x8B, 0x4D, 0xF4, 0x8B, 0x7C, 0xF1,
	0x04, 0x8D, 0x0C, 0xF1, 0x89, 0x7A, 0x04, 0x89, 0x4A, 0x08, 0x89, 0x51, 0x04, 0x8B, 0x4A, 0x04,
	0x89, 0x51, 0x08, 0x8B, 0x4A, 0x04, 0x3B, 0x4A, 0x08, 0x75, 0x64, 0x8A, 0x4C, 0x06, 0x04, 0x83,
	0xFE, 0x20, 0x88, 0x4D, 0x0B, 0x7D, 0x29, 0xFE, 0xC1, 0x80, 0x7D, 0x0B, 0x00, 0x88, 0x4C, 0x06,
	0x04, 0x75, 0x0B, 0xBF, 0x00, 0x00, 0x00, 0x00, 0x80, 0x8B, 0xCE, 0xD3, 0xEF, 0x09, 0x3B, 0xBF,
	0x00, 0x00, 0x00, 0x00, 0x80, 0x8B, 0xCE, 0xD3, 0xEF, 0x8B, 0x4D, 0xFC, 0x09, 0x7C, 0x88, 0x44,
	0xEB, 0x2F, 0xFE, 0xC1, 0x80, 0x7D, 0x0B, 0x00, 0x88, 0x4C, 0x06, 0x04, 0x75, 0x0D, 0x8D, 0x4E,
	0xE0, 0xBF, 0x00, 0x00, 0x00, 0x00, 0x80, 0xD3, 0xEF, 0x09, 0x7B, 0x04, 0x8B, 0x4D, 0xFC, 0x8D,
	0xBC, 0x88, 0xC4, 0x00, 0x00, 0x00, 0x00, 0x8D, 0x4E, 0xE0, 0xBE, 0x00, 0x00, 0x00, 0x00, 0x80,
	0xD3, 0xEE, 0x09, 0x37, 0x8B, 0x4D, 0xF8, 0x85, 0xC9, 0x74, 0x0B, 0x89, 0x0A, 0x89, 0x4C, 0x11,
	0xFC, 0xEB, 0x03, 0x8B, 0x4D, 0xF8, 0x8B, 0x75, 0xF0, 0x03, 0xD1, 0x8D, 0x4E, 0x01, 0x89, 0x0A,
	0x89, 0x4C, 0x32, 0xFC, 0x8B, 0x75, 0xF4, 0x8B, 0x0E, 0x85, 0xC9, 0x8D, 0x79, 0x01, 0x89, 0x3E,
	0x75, 0x1A, 0x3B, 0x1D, 0x18, 0x59, 0x40, 0x00, 0x75, 0x12, 0x8B, 0x4D, 0xFC, 0x3B, 0x0D, 0x10,
	0x59, 0x40, 0x00, 0x75, 0x07, 0x83, 0x25, 0x18, 0x59, 0x40, 0x00, 0x00, 0x8B, 0x4D, 0xFC, 0x89,
	0x08, 0x8D, 0x42, 0x04, 0x5F, 0x5E, 0x5B, 0xC9, 0xC3, 0xA1, 0x1C, 0x59, 0x40, 0x00, 0x8B, 0x0D,
	0x0C, 0x59, 0x40, 0x00, 0x56, 0x57, 0x33, 0xFF, 0x3B, 0xC1, 0x75, 0x30, 0x8D, 0x44, 0x89, 0x50,
	0xC1, 0xE0, 0x02, 0x50, 0xFF, 0x35, 0x20, 0x59, 0x40, 0x00, 0x57, 0xFF, 0x35, 0x48, 0x5B, 0x40,
	0x00, 0xFF, 0x15, 0x58, 0x40, 0x40, 0x00, 0x3B, 0xC7, 0x74, 0x61, 0x83, 0x05, 0x0C, 0x59, 0x40,
	0x00, 0x10, 0xA3, 0x20, 0x59, 0x40, 0x00, 0xA1, 0x1C, 0x59, 0x40, 0x00, 0x8B, 0x0D, 0x20, 0x59,
	0x40, 0x00, 0x68, 0xC4, 0x41, 0x00, 0x00, 0x6A, 0x08, 0x8D, 0x04, 0x80, 0xFF, 0x35, 0x48, 0x5B,
	0x40, 0x00, 0x8D, 0x34, 0x81, 0xFF, 0x15, 0x60, 0x40, 0x40, 0x00, 0x3B, 0xC7, 0x89, 0x46, 0x10,
	0x74, 0x2A, 0x6A, 0x04, 0x68, 0x00, 0x20, 0x00, 0x00, 0x68, 0x00, 0x00, 0x10, 0x00, 0x57, 0xFF,
	0x15, 0x5C, 0x40, 0x40, 0x00, 0x3B, 0xC7, 0x89, 0x46, 0x0C, 0x75, 0x14, 0xFF, 0x76, 0x10, 0x57,
	0xFF, 0x35, 0x48, 0x5B, 0x40, 0x00, 0xFF, 0x15, 0x78, 0x40, 0x40, 0x00, 0x33, 0xC0, 0xEB, 0x17,
	0x83, 0x4E, 0x08, 0xFF, 0x89, 0x3E, 0x89, 0x7E, 0x04, 0xFF, 0x05, 0x1C, 0x59, 0x40, 0x00, 0x8B,
	0x46, 0x10, 0x83, 0x08, 0xFF, 0x8B, 0xC6, 0x5F, 0x5E, 0xC3, 0x55, 0x8B, 0xEC, 0x51, 0x8B, 0x4D,
	0x08, 0x53, 0x56, 0x57, 0x8B, 0x71, 0x10, 0x8B, 0x41, 0x08, 0x33, 0xDB, 0x85, 0xC0, 0x7C, 0x05,
	0xD1, 0xE0, 0x43, 0xEB, 0xF7, 0x8B, 0xC3, 0x6A, 0x3F, 0x69, 0xC0, 0x04, 0x02, 0x00, 0x00, 0x5A,
	0x8D, 0x84, 0x30, 0x44, 0x01, 0x00, 0x00, 0x89, 0x45, 0xFC, 0x89, 0x40, 0x08, 0x89, 0x40, 0x04,
	0x83, 0xC0, 0x08, 0x4A, 0x75, 0xF4, 0x8B, 0xFB, 0x6A, 0x04, 0xC1, 0xE7, 0x0F, 0x03, 0x79, 0x0C,
	0x68, 0x00, 0x10, 0x00, 0x00, 0x68, 0x00, 0x80, 0x00, 0x00, 0x57, 0xFF, 0x15, 0x5C, 0x40, 0x40,
	0x00, 0x85, 0xC0, 0x75, 0x08, 0x83, 0xC8, 0xFF, 0xE9, 0x93, 0x00, 0x00, 0x00, 0x00, 0x8D, 0x97,
	0x00, 0x70, 0x00, 0x00, 0x3B, 0xFA, 0x77, 0x3C, 0x8D, 0x47, 0x10, 0x83, 0x48, 0xF8, 0xFF, 0x83,
	0x88, 0xEC, 0x0F, 0x00, 0x00, 0xFF, 0x8D, 0x88, 0xFC, 0x0F, 0x00, 0x00, 0xC7, 0x40, 0xFC, 0xF0,
	0x0F, 0x00, 0x00, 0x89, 0x08, 0x8D, 0x88, 0xFC, 0xEF, 0xFF, 0xFF, 0x89, 0x48, 0x04, 0xC7, 0x80,
	0xE8, 0x0F, 0x00, 0x00, 0xF0, 0x0F, 0x00, 0x00, 0x05, 0x00, 0x10, 0x00, 0x00, 0x8D, 0x48, 0xF0,
	0x3B, 0xCA, 0x76, 0xC7, 0x8B, 0x45, 0xFC, 0x8D, 0x4F, 0x0C, 0x05, 0xF8, 0x01, 0x00, 0x00, 0x6A,
	0x01, 0x5F, 0x89, 0x48, 0x04, 0x89, 0x41, 0x08, 0x8D, 0x4A, 0x0C, 0x89, 0x48, 0x08, 0x89, 0x41,
	0x04, 0x83, 0x64, 0x9E, 0x44, 0x00, 0x89, 0xBC, 0x9E, 0xC4, 0x00, 0x00, 0x00, 0x00, 0x8A, 0x46,
	0x43, 0x8A, 0xC8, 0xFE, 0xC1, 0x84, 0xC0, 0x8B, 0x45, 0x08, 0x88, 0x4E, 0x43, 0x75, 0x03, 0x09,
	0x78, 0x04, 0xBA, 0x00, 0x00, 0x00, 0x00, 0x80, 0x8B, 0xCB, 0xD3, 0xEA, 0xF7, 0xD2, 0x21, 0x50,
	0x08, 0x8B, 0xC3, 0x5F, 0x5E, 0x5B, 0xC9, 0xC3, 0x53, 0x33, 0xDB, 0x39, 0x1D, 0xD0, 0x58, 0x40,
	0x00, 0x56, 0x57, 0x75, 0x42, 0x68, 0x54, 0x44, 0x40, 0x00, 0xFF, 0x15, 0x50, 0x40, 0x40, 0x00,
	0x8B, 0xF8, 0x3B, 0xFB, 0x74, 0x67, 0x8B, 0x35, 0x54, 0x40, 0x40, 0x00, 0x68, 0x48, 0x44, 0x40,
	0x00, 0x57, 0xFF, 0xD6, 0x85, 0xC0, 0xA3, 0xD0, 0x58, 0x40, 0x00, 0x74, 0x50, 0x68, 0x38, 0x44,
	0x40, 0x00, 0x57, 0xFF, 0xD6, 0x68, 0x24, 0x44, 0x40, 0x00, 0x57, 0xA3, 0xD4, 0x58, 0x40, 0x00,
	0xFF, 0xD6, 0xA3, 0xD8, 0x58, 0x40, 0x00, 0xA1, 0xD4, 0x58, 0x40, 0x00, 0x85, 0xC0, 0x74, 0x16,
	0xFF, 0xD0, 0x8B, 0xD8, 0x85, 0xDB, 0x74, 0x0E, 0xA1, 0xD8, 0x58, 0x40, 0x00, 0x85, 0xC0, 0x74,
	0x05, 0x53, 0xFF, 0xD0, 0x8B, 0xD8, 0xFF, 0x74, 0x24, 0x18, 0xFF, 0x74, 0x24, 0x18, 0xFF, 0x74,
	0x24, 0x18, 0x53, 0xFF, 0x15, 0xD0, 0x58, 0x40, 0x00, 0x5F, 0x5E, 0x5B, 0xC3, 0x33, 0xC0, 0xEB,
	0xF8, 0xCC, 0xCC, 0xCC, 0xCC, 0xCC, 0xCC, 0xCC, 0xCC, 0xCC, 0x8B, 0x4C, 0x24, 0x0C, 0x57, 0x85,
	0xC9, 0x74, 0x7A, 0x56, 0x53, 0x8B, 0xD9, 0x8B, 0x74, 0x24, 0x14, 0xF7, 0xC6, 0x03, 0x00, 0x00,
	0x00, 0x00, 0x8B, 0x7C, 0x24, 0x10, 0x75, 0x07, 0xC1, 0xE9, 0x02, 0x75, 0x6F, 0xEB, 0x21, 0x8A,
	0x06, 0x46, 0x88, 0x07, 0x47, 0x49, 0x74, 0x25, 0x84, 0xC0, 0x74, 0x29, 0xF7, 0xC6, 0x03, 0x00,
	0x00, 0x00, 0x00, 0x75, 0xEB, 0x8B, 0xD9, 0xC1, 0xE9, 0x02, 0x75, 0x51, 0x83, 0xE3, 0x03, 0x74,
	0x0D, 0x8A, 0x06, 0x46, 0x88, 0x07, 0x47, 0x84, 0xC0, 0x74, 0x2F, 0x4B, 0x75, 0xF3, 0x8B, 0x44,
	0x24, 0x10, 0x5B, 0x5E, 0x5F, 0xC3, 0xF7, 0xC7, 0x03, 0x00, 0x00, 0x00, 0x00, 0x74, 0x12, 0x88,
	0x07, 0x47, 0x49, 0x0F, 0x84, 0x8A, 0x00, 0x00, 0x00, 0x00, 0xF7, 0xC7, 0x03, 0x00, 0x00, 0x00,
	0x00, 0x75, 0xEE, 0x8B, 0xD9, 0xC1, 0xE9, 0x02, 0x75, 0x6C, 0x88, 0x07, 0x47, 0x4B, 0x75, 0xFA,
	0x5B, 0x5E, 0x8B, 0x44, 0x24, 0x08, 0x5F, 0xC3, 0x89, 0x17, 0x83, 0xC7, 0x04, 0x49, 0x74, 0xAF,
	0xBA, 0xFF, 0xFE, 0xFE, 0x7E, 0x8B, 0x06, 0x03, 0xD0, 0x83, 0xF0, 0xFF, 0x33, 0xC2, 0x8B, 0x16,
	0x83, 0xC6, 0x04, 0xA9, 0x00, 0x01, 0x01, 0x81, 0x74, 0xDE, 0x84, 0xD2, 0x74, 0x2C, 0x84, 0xF6,
	0x74, 0x1E, 0xF7, 0xC2, 0x00, 0x00, 0xFF, 0x00, 0x74, 0x0C, 0xF7, 0xC2, 0x00, 0x00, 0x00, 0x00,
	0xFF, 0x75, 0xC6, 0x89, 0x17, 0xEB, 0x18, 0x81, 0xE2, 0xFF, 0xFF, 0x00, 0x00, 0x89, 0x17, 0xEB,
	0x0E, 0x81, 0xE2, 0xFF, 0x00, 0x00, 0x00, 0x00, 0x89, 0x17, 0xEB, 0x04, 0x33, 0xD2, 0x89, 0x17,
	0x83, 0xC7, 0x04, 0x33, 0xC0, 0x49, 0x74, 0x0A, 0x33, 0xC0, 0x89, 0x07, 0x83, 0xC7, 0x04, 0x49,
	0x75, 0xF8, 0x83, 0xE3, 0x03, 0x75, 0x85, 0x8B, 0x44, 0x24, 0x10, 0x5B, 0x5E, 0x5F, 0xC3, 0x55,
	0x8B, 0xEC, 0x6A, 0xFF, 0x68, 0x68, 0x44, 0x40, 0x00, 0x68, 0xD4, 0x1F, 0x40, 0x00, 0x64, 0xA1,
	0x00, 0x00, 0x00, 0x01, 0x50, 0x64, 0x89, 0x25, 0x00, 0x00, 0x00, 0x01, 0x83, 0xEC, 0x1C, 0x53,
	0x56, 0x57, 0x89, 0x65, 0xE8, 0x33, 0xFF, 0x39, 0x3D, 0xFC, 0x58, 0x40, 0x00, 0x75, 0x46, 0x57,
	0x57, 0x6A, 0x01, 0x5B, 0x53, 0x68, 0x64, 0x44, 0x40, 0x00, 0xBE, 0x00, 0x01, 0x00, 0x00, 0x56,
	0x57, 0xFF, 0x15, 0x44, 0x40, 0x40, 0x00, 0x85, 0xC0, 0x74, 0x08, 0x89, 0x1D, 0xFC, 0x58, 0x40,
	0x00, 0xEB, 0x22, 0x57, 0x57, 0x53, 0x68, 0x60, 0x44, 0x40, 0x00, 0x56, 0x57, 0xFF, 0x15, 0x48,
	0x40, 0x40, 0x00, 0x85, 0xC0, 0x0F, 0x84, 0x22, 0x01, 0x00, 0x00, 0xC7, 0x05, 0xFC, 0x58, 0x40,
	0x00, 0x02, 0x00, 0x00, 0x00, 0x00, 0x39, 0x7D, 0x14, 0x7E, 0x10, 0xFF, 0x75, 0x14, 0xFF, 0x75,
	0x10, 0xE8, 0x9E, 0x01, 0x00, 0x00, 0x59, 0x59, 0x89, 0x45, 0x14, 0xA1, 0xFC, 0x58, 0x40, 0x00,
	0x83, 0xF8, 0x02, 0x75, 0x1D, 0xFF, 0x75, 0x1C, 0xFF, 0x75, 0x18, 0xFF, 0x75, 0x14, 0xFF, 0x75,
	0x10, 0xFF, 0x75, 0x0C, 0xFF, 0x75, 0x08, 0xFF, 0x15, 0x48, 0x40, 0x40, 0x00, 0xE9, 0xDE, 0x00,
	0x00, 0x00, 0x00, 0x83, 0xF8, 0x01, 0x0F, 0x85, 0xD3, 0x00, 0x00, 0x00, 0x00, 0x39, 0x7D, 0x20,
	0x75, 0x08, 0xA1, 0xF4, 0x58, 0x40, 0x00, 0x89, 0x45, 0x20, 0x57, 0x57, 0xFF, 0x75, 0x14, 0xFF,
	0x75, 0x10, 0x8B, 0x45, 0x24, 0xF7, 0xD8, 0x1B, 0xC0, 0x83, 0xE0, 0x08, 0x40, 0x50, 0xFF, 0x75,
	0x20, 0xFF, 0x15, 0x4C, 0x40, 0x40, 0x00, 0x8B, 0xD8, 0x89, 0x5D, 0xE4, 0x3B, 0xDF, 0x0F, 0x84,
	0x9C, 0x00, 0x00, 0x00, 0x00, 0x89, 0x7D, 0xFC, 0x8D, 0x04, 0x1B, 0x83, 0xC0, 0x03, 0x24, 0xFC,
	0xE8, 0x00, 0x06, 0x00, 0x00, 0x89, 0x65, 0xE8, 0x8B, 0xC4, 0x89, 0x45, 0xDC, 0x83, 0x4D, 0xFC,
	0xFF, 0xEB, 0x13, 0x6A, 0x01, 0x58, 0xC3, 0x8B, 0x65, 0xE8, 0x33, 0xFF, 0x89, 0x7D, 0xDC, 0x83,
	0x4D, 0xFC, 0xFF, 0x8B, 0x5D, 0xE4, 0x39, 0x7D, 0xDC, 0x74, 0x66, 0x53, 0xFF, 0x75, 0xDC, 0xFF,
	0x75, 0x14, 0xFF, 0x75, 0x10, 0x6A, 0x01, 0xFF, 0x75, 0x20, 0xFF, 0x15, 0x4C, 0x40, 0x40, 0x00,
	0x85, 0xC0, 0x74, 0x4D, 0x57, 0x57, 0x53, 0xFF, 0x75, 0xDC, 0xFF, 0x75, 0x0C, 0xFF, 0x75, 0x08,
	0xFF, 0x15, 0x44, 0x40, 0x40, 0x00, 0x8B, 0xF0, 0x89, 0x75, 0xD8, 0x3B, 0xF7, 0x74, 0x32, 0xF6,
	0x45, 0x0D, 0x04, 0x74, 0x40, 0x39, 0x7D, 0x1C, 0x0F, 0x84, 0xB2, 0x00, 0x00, 0x00, 0x00, 0x3B,
	0x75, 0x1C, 0x7F, 0x1E, 0xFF, 0x75, 0x1C, 0xFF, 0x75, 0x18, 0x53, 0xFF, 0x75, 0xDC, 0xFF, 0x75,
	0x0C, 0xFF, 0x75, 0x08, 0xFF, 0x15, 0x44, 0x40, 0x40, 0x00, 0x85, 0xC0, 0x0F, 0x85, 0x8F, 0x00,
	0x00, 0x00, 0x00, 0x33, 0xC0, 0x8D, 0x65, 0xC8, 0x8B, 0x4D, 0xF0, 0x64, 0x89, 0x0D, 0x00, 0x00,
	0x00, 0x01, 0x5F, 0x5E, 0x5B, 0xC9, 0xC3, 0xC7, 0x45, 0xFC, 0x01, 0x00, 0x00, 0x00, 0x00, 0x8D,
	0x04, 0x36, 0x83, 0xC0, 0x03, 0x24, 0xFC, 0xE8, 0x4C, 0x05, 0x00, 0x00, 0x89, 0x65, 0xE8, 0x8B,
	0xDC, 0x89, 0x5D, 0xE0, 0x83, 0x4D, 0xFC, 0xFF, 0xEB, 0x12, 0x6A, 0x01, 0x58, 0xC3, 0x8B, 0x65,
	0xE8, 0x33, 0xFF, 0x33, 0xDB, 0x83, 0x4D, 0xFC, 0xFF, 0x8B, 0x75, 0xD8, 0x3B, 0xDF, 0x74, 0xB4,
	0x56, 0x53, 0xFF, 0x75, 0xE4, 0xFF, 0x75, 0xDC, 0xFF, 0x75, 0x0C, 0xFF, 0x75, 0x08, 0xFF, 0x15,
	0x44, 0x40, 0x40, 0x00, 0x85, 0xC0, 0x74, 0x9C, 0x39, 0x7D, 0x1C, 0x57, 0x57, 0x75, 0x04, 0x57,
	0x57, 0xEB, 0x06, 0xFF, 0x75, 0x1C, 0xFF, 0x75, 0x18, 0x56, 0x53, 0x68, 0x20, 0x02, 0x00, 0x00,
	0xFF, 0x75, 0x20, 0xFF, 0x15, 0xB8, 0x40, 0x40, 0x00, 0x8B, 0xF0, 0x3B, 0xF7, 0x0F, 0x84, 0x71,
	0xFF, 0xFF, 0xFF, 0x8B, 0xC6, 0xE9, 0x6C, 0xFF, 0xFF, 0xFF, 0x8B, 0x54, 0x24, 0x08, 0x8B, 0x44,
	0x24, 0x04, 0x85, 0xD2, 0x56, 0x8D, 0x4A, 0xFF, 0x74, 0x0D, 0x80, 0x38, 0x00, 0x74, 0x08, 0x40,
	0x8B, 0xF1, 0x49, 0x85, 0xF6, 0x75, 0xF3, 0x80, 0x38, 0x00, 0x5E, 0x75, 0x05, 0x2B, 0x44, 0x24,
	0x04, 0xC3, 0x8B, 0xC2, 0xC3, 0x55, 0x8B, 0xEC, 0x6A, 0xFF, 0x68, 0x80, 0x44, 0x40, 0x00, 0x68,
	0xD4, 0x1F, 0x40, 0x00, 0x64, 0xA1, 0x00, 0x00, 0x00, 0x01, 0x50, 0x64, 0x89, 0x25, 0x00, 0x00,
	0x00, 0x01, 0x83, 0xEC, 0x18, 0x53, 0x56, 0x57, 0x89, 0x65, 0xE8, 0xA1, 0x00, 0x59, 0x40, 0x00,
	0x33, 0xDB, 0x3B, 0xC3, 0x75, 0x3E, 0x8D, 0x45, 0xE4, 0x50, 0x6A, 0x01, 0x5E, 0x56, 0x68, 0x64,
	0x44, 0x40, 0x00, 0x56, 0xFF, 0x15, 0x3C, 0x40, 0x40, 0x00, 0x85, 0xC0, 0x74, 0x04, 0x8B, 0xC6,
	0xEB, 0x1D, 0x8D, 0x45, 0xE4, 0x50, 0x56, 0x68, 0x60, 0x44, 0x40, 0x00, 0x56, 0x53, 0xFF, 0x15,
	0x40, 0x40, 0x40, 0x00, 0x85, 0xC0, 0x0F, 0x84, 0xCE, 0x00, 0x00, 0x00, 0x00, 0x6A, 0x02, 0x58,
	0xA3, 0x00, 0x59, 0x40, 0x00, 0x83, 0xF8, 0x02, 0x75, 0x24, 0x8B, 0x45, 0x1C, 0x3B, 0xC3, 0x75,
	0x05, 0xA1, 0xE4, 0x58, 0x40, 0x00, 0xFF, 0x75, 0x14, 0xFF, 0x75, 0x10, 0xFF, 0x75, 0x0C, 0xFF,
	0x75, 0x08, 0x50, 0xFF, 0x15, 0x40, 0x40, 0x40, 0x00, 0xE9, 0x9F, 0x00, 0x00, 0x00, 0x00, 0x83,
	0xF8, 0x01, 0x0F, 0x85, 0x94, 0x00, 0x00, 0x00, 0x00, 0x39, 0x5D, 0x18, 0x75, 0x08, 0xA1, 0xF4,
	0x58, 0x40, 0x00, 0x89, 0x45, 0x18, 0x53, 0x53, 0xFF, 0x75, 0x10, 0xFF, 0x75, 0x0C, 0x8B, 0x45,
	0x20, 0xF7, 0xD8, 0x1B, 0xC0, 0x83, 0xE0, 0x08, 0x40, 0x50, 0xFF, 0x75, 0x18, 0xFF, 0x15, 0x4C,
	0x40, 0x40, 0x00, 0x89, 0x45, 0xE0, 0x3B, 0xC3, 0x74, 0x63, 0x89, 0x5D, 0xFC, 0x8D, 0x3C, 0x00,
	0x8B, 0xC7, 0x83, 0xC0, 0x03, 0x24, 0xFC, 0xE8, 0xCF, 0x03, 0x00, 0x00, 0x89, 0x65, 0xE8, 0x8B,
	0xF4, 0x89, 0x75, 0xDC, 0x57, 0x53, 0x56, 0xE8, 0xEF, 0x03, 0x00, 0x00, 0x83, 0xC4, 0x0C, 0xEB,
	0x0B, 0x6A, 0x01, 0x58, 0xC3, 0x8B, 0x65, 0xE8, 0x33, 0xDB, 0x33, 0xF6, 0x83, 0x4D, 0xFC, 0xFF,
	0x3B, 0xF3, 0x74, 0x29, 0xFF, 0x75, 0xE0, 0x56, 0xFF, 0x75, 0x10, 0xFF, 0x75, 0x0C, 0x6A, 0x01,
	0xFF, 0x75, 0x18, 0xFF, 0x15, 0x4C, 0x40, 0x40, 0x00, 0x3B, 0xC3, 0x74, 0x10, 0xFF, 0x75, 0x14,
	0x50, 0x56, 0xFF, 0x75, 0x08, 0xFF, 0x15, 0x3C, 0x40, 0x40, 0x00, 0xEB, 0x02, 0x33, 0xC0, 0x8D,
	0x65, 0xCC, 0x8B, 0x4D, 0xF0, 0x64, 0x89, 0x0D, 0x00, 0x00, 0x00, 0x01, 0x5F, 0x5E, 0x5B, 0xC9,
	0xC3, 0xA1, 0x08, 0x59, 0x40, 0x00, 0x85, 0xC0, 0x74, 0x0F, 0xFF, 0x74, 0x24, 0x04, 0xFF, 0xD0,
	0x85, 0xC0, 0x59, 0x74, 0x04, 0x6A, 0x01, 0x58, 0xC3, 0x33, 0xC0, 0xC3, 0xCC, 0xCC, 0xCC, 0xCC,
	0xCC, 0xCC, 0xCC, 0xCC, 0xCC, 0xCC, 0xCC, 0xCC, 0xCC, 0xCC, 0xCC, 0x55, 0x8B, 0xEC, 0x57, 0x56,
	0x8B, 0x75, 0x0C, 0x8B, 0x4D, 0x10, 0x8B, 0x7D, 0x08, 0x8B, 0xC1, 0x8B, 0xD1, 0x03, 0xC6, 0x3B,
	0xFE, 0x76, 0x08, 0x3B, 0xF8, 0x0F, 0x82, 0x78, 0x01, 0x00, 0x00, 0xF7, 0xC7, 0x03, 0x00, 0x00,
	0x00, 0x00, 0x75, 0x14, 0xC1, 0xE9, 0x02, 0x83, 0xE2, 0x03, 0x83, 0xF9, 0x08, 0x72, 0x29, 0xF3,
	0xA5, 0xFF, 0x24, 0x95, 0x98, 0x3A, 0x40, 0x00, 0x8B, 0xC7, 0xBA, 0x03, 0x00, 0x00, 0x00, 0x00,
	0x83, 0xE9, 0x04, 0x72, 0x0C, 0x83, 0xE0, 0x03, 0x03, 0xC8, 0xFF, 0x24, 0x85, 0xB0, 0x39, 0x40,
	0x00, 0xFF, 0x24, 0x8D, 0xA8, 0x3A, 0x40, 0x00, 0x90, 0xFF, 0x24, 0x8D, 0x2C, 0x3A, 0x40, 0x00,
	0x90, 0xC0, 0x39, 0x40, 0x00, 0xEC, 0x39, 0x40, 0x00, 0x10, 0x3A, 0x40, 0x00, 0x23, 0xD1, 0x8A,
	0x06, 0x88, 0x07, 0x8A, 0x46, 0x01, 0x88, 0x47, 0x01, 0x8A, 0x46, 0x02, 0xC1, 0xE9, 0x02, 0x88,
	0x47, 0x02, 0x83, 0xC6, 0x03, 0x83, 0xC7, 0x03, 0x83, 0xF9, 0x08, 0x72, 0xCC, 0xF3, 0xA5, 0xFF,
	0x24, 0x95, 0x98, 0x3A, 0x40, 0x00, 0x8D, 0x49, 0x00, 0x23, 0xD1, 0x8A, 0x06, 0x88, 0x07, 0x8A,
	0x46, 0x01, 0xC1, 0xE9, 0x02, 0x88, 0x47, 0x01, 0x83, 0xC6, 0x02, 0x83, 0xC7, 0x02, 0x83, 0xF9,
	0x08, 0x72, 0xA6, 0xF3, 0xA5, 0xFF, 0x24, 0x95, 0x98, 0x3A, 0x40, 0x00, 0x90, 0x23, 0xD1, 0x8A,
	0x06, 0x88, 0x07, 0x46, 0xC1, 0xE9, 0x02, 0x47, 0x83, 0xF9, 0x08, 0x72, 0x8C, 0xF3, 0xA5, 0xFF,
	0x24, 0x95, 0x98, 0x3A, 0x40, 0x00, 0x8D, 0x49, 0x00, 0x8F, 0x3A, 0x40, 0x00, 0x7C, 0x3A, 0x40,
	0x00, 0x74, 0x3A, 0x40, 0x00, 0x6C, 0x3A, 0x40, 0x00, 0x64, 0x3A, 0x40, 0x00, 0x5C, 0x3A, 0x40,
	0x00, 0x54, 0x3A, 0x40, 0x00, 0x4C, 0x3A, 0x40, 0x00, 0x8B, 0x44, 0x8E, 0xE4, 0x89, 0x44, 0x8F,
	0xE4, 0x8B, 0x44, 0x8E, 0xE8, 0x89, 0x44, 0x8F, 0xE8, 0x8B, 0x44, 0x8E, 0xEC, 0x89, 0x44, 0x8F,
	0xEC, 0x8B, 0x44, 0x8E, 0xF0, 0x89, 0x44, 0x8F, 0xF0, 0x8B, 0x44, 0x8E, 0xF4, 0x89, 0x44, 0x8F,
	0xF4, 0x8B, 0x44, 0x8E, 0xF8, 0x89, 0x44, 0x8F, 0xF8, 0x8B, 0x44, 0x8E, 0xFC, 0x89, 0x44, 0x8F,
	0xFC, 0x8D, 0x04, 0x8D, 0x00, 0x00, 0x00, 0x01, 0x03, 0xF0, 0x03, 0xF8, 0xFF, 0x24, 0x95, 0x98,
	0x3A, 0x40, 0x00, 0x8B, 0xFF, 0xA8, 0x3A, 0x40, 0x00, 0xB0, 0x3A, 0x40, 0x00, 0xBC, 0x3A, 0x40,
	0x00, 0xD0, 0x3A, 0x40, 0x00, 0x8B, 0x45, 0x08, 0x5E, 0x5F, 0xC9, 0xC3, 0x90, 0x8A, 0x06, 0x88,
	0x07, 0x8B, 0x45, 0x08, 0x5E, 0x5F, 0xC9, 0xC3, 0x90, 0x8A, 0x06, 0x88, 0x07, 0x8A, 0x46, 0x01,
	0x88, 0x47, 0x01, 0x8B, 0x45, 0x08, 0x5E, 0x5F, 0xC9, 0xC3, 0x8D, 0x49, 0x00, 0x8A, 0x06, 0x88,
	0x07, 0x8A, 0x46, 0x01, 0x88, 0x47, 0x01, 0x8A, 0x46, 0x02, 0x88, 0x47, 0x02, 0x8B, 0x45, 0x08,
	0x5E, 0x5F, 0xC9, 0xC3, 0x90, 0x8D, 0x74, 0x31, 0xFC, 0x8D, 0x7C, 0x39, 0xFC, 0xF7, 0xC7, 0x03,
	0x00, 0x00, 0x00, 0x00, 0x75, 0x24, 0xC1, 0xE9, 0x02, 0x83, 0xE2, 0x03, 0x83, 0xF9, 0x08, 0x72,
	0x0D, 0xFD, 0xF3, 0xA5, 0xFC, 0xFF, 0x24, 0x95, 0x30, 0x3C, 0x40, 0x00, 0x8B, 0xFF, 0xF7, 0xD9,
	0xFF, 0x24, 0x8D, 0xE0, 0x3B, 0x40, 0x00, 0x8D, 0x49, 0x00, 0x8B, 0xC7, 0xBA, 0x03, 0x00, 0x00,
	0x00, 0x00, 0x83, 0xF9, 0x04, 0x72, 0x0C, 0x83, 0xE0, 0x03, 0x2B, 0xC8, 0xFF, 0x24, 0x85, 0x38,
	0x3B, 0x40, 0x00, 0xFF, 0x24, 0x8D, 0x30, 0x3C, 0x40, 0x00, 0x90, 0x48, 0x3B, 0x40, 0x00, 0x68,
	0x3B, 0x40, 0x00, 0x90, 0x3B, 0x40, 0x00, 0x8A, 0x46, 0x03, 0x23, 0xD1, 0x88, 0x47, 0x03, 0x4E,
	0xC1, 0xE9, 0x02, 0x4F, 0x83, 0xF9, 0x08, 0x72, 0xB6, 0xFD, 0xF3, 0xA5, 0xFC, 0xFF, 0x24, 0x95,
	0x30, 0x3C, 0x40, 0x00, 0x8D, 0x49, 0x00, 0x8A, 0x46, 0x03, 0x23, 0xD1, 0x88, 0x47, 0x03, 0x8A,
	0x46, 0x02, 0xC1, 0xE9, 0x02, 0x88, 0x47, 0x02, 0x83, 0xEE, 0x02, 0x83, 0xEF, 0x02, 0x83, 0xF9,
	0x08, 0x72, 0x8C, 0xFD, 0xF3, 0xA5, 0xFC, 0xFF, 0x24, 0x95, 0x30, 0x3C, 0x40, 0x00, 0x90, 0x8A,
	0x46, 0x03, 0x23, 0xD1, 0x88, 0x47, 0x03, 0x8A, 0x46, 0x02, 0x88, 0x47, 0x02, 0x8A, 0x46, 0x01,
	0xC1, 0xE9, 0x02, 0x88, 0x47, 0x01, 0x83, 0xEE, 0x03, 0x83, 0xEF, 0x03, 0x83, 0xF9, 0x08, 0x0F,
	0x82, 0x5A, 0xFF, 0xFF, 0xFF, 0xFD, 0xF3, 0xA5, 0xFC, 0xFF, 0x24, 0x95, 0x30, 0x3C, 0x40, 0x00,
	0x8D, 0x49, 0x00, 0xE4, 0x3B, 0x40, 0x00, 0xEC, 0x3B, 0x40, 0x00, 0xF4, 0x3B, 0x40, 0x00, 0xFC,
	0x3B, 0x40, 0x00, 0x04, 0x3C, 0x40, 0x00, 0x0C, 0x3C, 0x40, 0x00, 0x14, 0x3C, 0x40, 0x00, 0x27,
	0x3C, 0x40, 0x00, 0x8B, 0x44, 0x8E, 0x1C, 0x89, 0x44, 0x8F, 0x1C, 0x8B, 0x44, 0x8E, 0x18, 0x89,
	0x44, 0x8F, 0x18, 0x8B, 0x44, 0x8E, 0x14, 0x89, 0x44, 0x8F, 0x14, 0x8B, 0x44, 0x8E, 0x10, 0x89,
	0x44, 0x8F, 0x10, 0x8B, 0x44, 0x8E, 0x0C, 0x89, 0x44, 0x8F, 0x0C, 0x8B, 0x44, 0x8E, 0x08, 0x89,
	0x44, 0x8F, 0x08, 0x8B, 0x44, 0x8E, 0x04, 0x89, 0x44, 0x8F, 0x04, 0x8D, 0x04, 0x8D, 0x00, 0x00,
	0x00, 0x01, 0x03, 0xF0, 0x03, 0xF8, 0xFF, 0x24, 0x95, 0x30, 0x3C, 0x40, 0x00, 0x8B, 0xFF, 0x40,
	0x3C, 0x40, 0x00, 0x48, 0x3C, 0x40, 0x00, 0x58, 0x3C, 0x40, 0x00, 0x6C, 0x3C, 0x40, 0x00, 0x8B,
	0x45, 0x08, 0x5E, 0x5F, 0xC9, 0xC3, 0x90, 0x8A, 0x46, 0x03, 0x88, 0x47, 0x03, 0x8B, 0x45, 0x08,
	0x5E, 0x5F, 0xC9, 0xC3, 0x8D, 0x49, 0x00, 0x8A, 0x46, 0x03, 0x88, 0x47, 0x03, 0x8A, 0x46, 0x02,
	0x88, 0x47, 0x02, 0x8B, 0x45, 0x08, 0x5E, 0x5F, 0xC9, 0xC3, 0x90, 0x8A, 0x46, 0x03, 0x88, 0x47,
	0x03, 0x8A, 0x46, 0x02, 0x88, 0x47, 0x02, 0x8A, 0x46, 0x01, 0x88, 0x47, 0x01, 0x8B, 0x45, 0x08,
	0x5E, 0x5F, 0xC9, 0xC3, 0xCC, 0xCC, 0xCC, 0xCC, 0xCC, 0xCC, 0xCC, 0xCC, 0xCC, 0xCC, 0xCC, 0x51,
	0x3D, 0x00, 0x10, 0x00, 0x00, 0x8D, 0x4C, 0x24, 0x08, 0x72, 0x14, 0x81, 0xE9, 0x00, 0x10, 0x00,
	0x00, 0x2D, 0x00, 0x10, 0x00, 0x00, 0x85, 0x01, 0x3D, 0x00, 0x10, 0x00, 0x00, 0x73, 0xEC, 0x2B,
	0xC8, 0x8B, 0xC4, 0x85, 0x01, 0x8B, 0xE1, 0x8B, 0x08, 0x8B, 0x40, 0x04, 0x50, 0xC3, 0xCC, 0x8B,
	0x54, 0x24, 0x0C, 0x8B, 0x4C, 0x24, 0x04, 0x85, 0xD2, 0x74, 0x47, 0x33, 0xC0, 0x8A, 0x44, 0x24,
	0x08, 0x57, 0x8B, 0xF9, 0x83, 0xFA, 0x04, 0x72, 0x2D, 0xF7, 0xD9, 0x83, 0xE1, 0x03, 0x74, 0x08,
	0x2B, 0xD1, 0x88, 0x07, 0x47, 0x49, 0x75, 0xFA, 0x8B, 0xC8, 0xC1, 0xE0, 0x08, 0x03, 0xC1, 0x8B,
	0xC8, 0xC1, 0xE0, 0x10, 0x03, 0xC1, 0x8B, 0xCA, 0x83, 0xE2, 0x03, 0xC1, 0xE9, 0x02, 0x74, 0x06,
	0xF3, 0xAB, 0x85, 0xD2, 0x74, 0x06, 0x88, 0x07, 0x47, 0x4A, 0x75, 0xFA, 0x8B, 0x44, 0x24, 0x08,
	0x5F, 0xC3, 0x8B, 0x44, 0x24, 0x04, 0xC3, 0xFF, 0x25, 0x74, 0x40, 0x40, 0x00, 0x00, 0x00, 0xFF,
	0x00, 0x00, 0x00, 0xFF, 0x00, 0x00, 0x00, 0xDC, 0xB6, 0x47, 0x00, 0x00, 0x00, 0x00, 0x48, 0x00,
	0x00, 0xF6, 0x47, 0x00, 0x00, 0xDC, 0x47, 0x00, 0x00, 0xC6, 0x47, 0x00, 0x00, 0x56, 0x47, 0x00,
	0x00, 0xA4, 0x47, 0x00, 0x00, 0x94, 0x47, 0x00, 0x00, 0x84, 0x47, 0x00, 0x00, 0x72, 0x47, 0x00,
	0x00, 0x64, 0x47, 0x00, 0x00, 0x00, 0x03, 0x54, 0x48, 0x00, 0x00, 0xD0, 0x48, 0x00, 0x00, 0xBC,
	0x48, 0x00, 0x00, 0xB2, 0x4A, 0x00, 0x00, 0xA0, 0x4A, 0x00, 0x00, 0x90, 0x4A, 0x00, 0x00, 0x80,
	0x4A, 0x00, 0x00, 0x6A, 0x4A, 0x00, 0x00, 0x5A, 0x4A, 0x00, 0x00, 0x48, 0x4A, 0x00, 0x00, 0x3A,
	0x4A, 0x00, 0x00, 0x2A, 0x4A, 0x00, 0x00, 0x1E, 0x4A, 0x00, 0x00, 0x12, 0x4A, 0x00, 0x00, 0x08,
	0x4A, 0x00, 0x00, 0xFC, 0x49, 0x00, 0x00, 0xF0, 0x49, 0x00, 0x00, 0xE4, 0x49, 0x00, 0x00, 0xD8,
	0x49, 0x00, 0x00, 0x1A, 0x48, 0x00, 0x00, 0x26, 0x48, 0x00, 0x00, 0x36, 0x48, 0x00, 0x00, 0x46,
	0x48, 0x00, 0x00, 0x02, 0x49, 0x00, 0x00, 0x68, 0x48, 0x00, 0x00, 0x7A, 0x48, 0x00, 0x00, 0x8C,
	0x48, 0x00, 0x00, 0x9A, 0x48, 0x00, 0x00, 0xA8, 0x48, 0x00, 0x00, 0xBC, 0x49, 0x00, 0x00, 0xCA,
	0x49, 0x00, 0x00, 0xEC, 0x48, 0x00, 0x00, 0x64, 0x49, 0x00, 0x00, 0x1C, 0x49, 0x00, 0x00, 0x36,
	0x49, 0x00, 0x00, 0x4C, 0x49, 0x00, 0x00, 0x7E, 0x49, 0x00, 0x00, 0x90, 0x49, 0x00, 0x00, 0xA0,
	0x49, 0x00, 0x00, 0xAE, 0x49, 0x00, 0x00, 0x00, 0x03, 0x18, 0x46, 0x00, 0x00, 0x00, 0x03, 0x38,
	0x46, 0x00, 0x00, 0x46, 0x46, 0x00, 0x00, 0x52, 0x46, 0x00, 0x00, 0x60, 0x46, 0x00, 0x00, 0x6E,
	0x46, 0x00, 0x00, 0x7A, 0x46, 0x00, 0x00, 0x82, 0x46, 0x00, 0x00, 0x8E, 0x46, 0x00, 0x00, 0xA4,
	0x46, 0x00, 0x00, 0xB2, 0x46, 0x00, 0x00, 0xC4, 0x46, 0x00, 0x00, 0x3C, 0x47, 0x00, 0x00, 0x2E,
	0x47, 0x00, 0x00, 0x18, 0x47, 0x00, 0x00, 0x06, 0x47, 0x00, 0x00, 0xF8, 0x46, 0x00, 0x00, 0xE4,
	0x46, 0x00, 0x00, 0xD0, 0x46, 0x00, 0x00, 0x00, 0x03, 0xFF, 0xFF, 0xFF, 0xFF, 0x77, 0x15, 0x40,
	0x00, 0x8B, 0x15, 0x40, 0x00, 0x72, 0x75, 0x6E, 0x74, 0x69, 0x6D, 0x65, 0x20, 0x65, 0x72, 0x72,
	0x6F, 0x72, 0x20, 0x00, 0x00, 0x0D, 0x0A, 0x00, 0x00, 0x54, 0x4C, 0x4F, 0x53, 0x53, 0x20, 0x65,
	0x72, 0x72, 0x6F, 0x72, 0x0D, 0x0A, 0x00, 0x00, 0x00, 0x00, 0x53, 0x49, 0x4E, 0x47, 0x20, 0x65,
	0x72, 0x72, 0x6F, 0x72, 0x0D, 0x0A, 0x00, 0x00, 0x00, 0x01, 0x44, 0x4F, 0x4D, 0x41, 0x49, 0x4E,
	0x20, 0x65, 0x72, 0x72, 0x6F, 0x72, 0x0D, 0x0A, 0x00, 0x00, 0x52, 0x36, 0x30, 0x32, 0x38, 0x0D,
	0x0A, 0x2D, 0x20, 0x75, 0x6E, 0x61, 0x62, 0x6C, 0x65, 0x20, 0x74, 0x6F, 0x20, 0x69, 0x6E, 0x69,
	0x74, 0x69, 0x61, 0x6C, 0x69, 0x7A, 0x65, 0x20, 0x68, 0x65, 0x61, 0x70, 0x0D, 0x0A, 0x00, 0x00,
	0x00, 0x01, 0x52, 0x36, 0x30, 0x32, 0x37, 0x0D, 0x0A, 0x2D, 0x20, 0x6E, 0x6F, 0x74, 0x20, 0x65,
	0x6E, 0x6F, 0x75, 0x67, 0x68, 0x20, 0x73, 0x70, 0x61, 0x63, 0x65, 0x20, 0x66, 0x6F, 0x72, 0x20,
	0x6C, 0x6F, 0x77, 0x69, 0x6F, 0x20, 0x69, 0x6E, 0x69, 0x74, 0x69, 0x61, 0x6C, 0x69, 0x7A, 0x61,
	0x74, 0x69, 0x6F, 0x6E, 0x0D, 0x0A, 0x00, 0x00, 0x00, 0x01, 0x52, 0x36, 0x30, 0x32, 0x36, 0x0D,
	0x0A, 0x2D, 0x20, 0x6E, 0x6F, 0x74, 0x20, 0x65, 0x6E, 0x6F, 0x75, 0x67, 0x68, 0x20, 0x73, 0x70,
	0x61, 0x63, 0x65, 0x20, 0x66, 0x6F, 0x72, 0x20, 0x73, 0x74, 0x64, 0x69, 0x6F, 0x20, 0x69, 0x6E,
	0x69, 0x74, 0x69, 0x61, 0x6C, 0x69, 0x7A, 0x61, 0x74, 0x69, 0x6F, 0x6E, 0x0D, 0x0A, 0x00, 0x00,
	0x00, 0x01, 0x52, 0x36, 0x30, 0x32, 0x35, 0x0D, 0x0A, 0x2D, 0x20, 0x70, 0x75, 0x72, 0x65, 0x20,
	0x76, 0x69, 0x72, 0x74, 0x75, 0x61, 0x6C, 0x20, 0x66, 0x75, 0x6E, 0x63, 0x74, 0x69, 0x6F, 0x6E,
	0x20, 0x63, 0x61, 0x6C, 0x6C, 0x0D, 0x0A, 0x00, 0x00, 0x00, 0x00, 0x52, 0x36, 0x30, 0x32, 0x34,
	0x0D, 0x0A, 0x2D, 0x20, 0x6E, 0x6F, 0x74, 0x20, 0x65, 0x6E, 0x6F, 0x75, 0x67, 0x68, 0x20, 0x73,
	0x70, 0x61, 0x63, 0x65, 0x20, 0x66, 0x6F, 0x72, 0x20, 0x5F, 0x6F, 0x6E, 0x65, 0x78, 0x69, 0x74,
	0x2F, 0x61, 0x74, 0x65, 0x78, 0x69, 0x74, 0x20, 0x74, 0x61, 0x62, 0x6C, 0x65, 0x0D, 0x0A, 0x00,
	0x00, 0x00, 0x01, 0x52, 0x36, 0x30, 0x31, 0x39, 0x0D, 0x0A, 0x2D, 0x20, 0x75, 0x6E, 0x61, 0x62,
	0x6C, 0x65, 0x20, 0x74, 0x6F, 0x20, 0x6F, 0x70, 0x65, 0x6E, 0x20, 0x63, 0x6F, 0x6E, 0x73, 0x6F,
	0x6C, 0x65, 0x20, 0x64, 0x65, 0x76, 0x69, 0x63, 0x65, 0x0D, 0x0A, 0x00, 0x00, 0x00, 0x01, 0x52,
	0x36, 0x30, 0x31, 0x38, 0x0D, 0x0A, 0x2D, 0x20, 0x75, 0x6E, 0x65, 0x78, 0x70, 0x65, 0x63, 0x74,
	0x65, 0x64, 0x20, 0x68, 0x65, 0x61, 0x70, 0x20, 0x65, 0x72, 0x72, 0x6F, 0x72, 0x0D, 0x0A, 0x00,
	0x00, 0x00, 0x01, 0x52, 0x36, 0x30, 0x31, 0x37, 0x0D, 0x0A, 0x2D, 0x20, 0x75, 0x6E, 0x65, 0x78,
	0x70, 0x65, 0x63, 0x74, 0x65, 0x64, 0x20, 0x6D, 0x75, 0x6C, 0x74, 0x69, 0x74, 0x68, 0x72, 0x65,
	0x61, 0x64, 0x20, 0x6C, 0x6F, 0x63, 0x6B, 0x20, 0x65, 0x72, 0x72, 0x6F, 0x72, 0x0D, 0x0A, 0x00,
	0x00, 0x00, 0x01, 0x52, 0x36, 0x30, 0x31, 0x36, 0x0D, 0x0A, 0x2D, 0x20, 0x6E, 0x6F, 0x74, 0x20,
	0x65, 0x6E, 0x6F, 0x75, 0x67, 0x68, 0x20, 0x73, 0x70, 0x61, 0x63, 0x65, 0x20, 0x66, 0x6F, 0x72,
	0x20, 0x74, 0x68, 0x72, 0x65, 0x61, 0x64, 0x20, 0x64, 0x61, 0x74, 0x61, 0x0D, 0x0A, 0x00, 0x0D,
	0x0A, 0x61, 0x62, 0x6E, 0x6F, 0x72, 0x6D, 0x61, 0x6C, 0x20, 0x70, 0x72, 0x6F, 0x67, 0x72, 0x61,
	0x6D, 0x20, 0x74, 0x65, 0x72, 0x6D, 0x69, 0x6E, 0x61, 0x74, 0x69, 0x6F, 0x6E, 0x0D, 0x0A, 0x00,
	0x00, 0x00, 0x01, 0x52, 0x36, 0x30, 0x30, 0x39, 0x0D, 0x0A, 0x2D, 0x20, 0x6E, 0x6F, 0x74, 0x20,
	0x65, 0x6E, 0x6F, 0x75, 0x67, 0x68, 0x20, 0x73, 0x70, 0x61, 0x63, 0x65, 0x20, 0x66, 0x6F, 0x72,
	0x20, 0x65, 0x6E, 0x76, 0x69, 0x72, 0x6F, 0x6E, 0x6D, 0x65, 0x6E, 0x74, 0x0D, 0x0A, 0x00, 0x52,
	0x36, 0x30, 0x30, 0x38, 0x0D, 0x0A, 0x2D, 0x20, 0x6E, 0x6F, 0x74, 0x20, 0x65, 0x6E, 0x6F, 0x75,
	0x67, 0x68, 0x20, 0x73, 0x70, 0x61, 0x63, 0x65, 0x20, 0x66, 0x6F, 0x72, 0x20, 0x61, 0x72, 0x67,
	0x75, 0x6D, 0x65, 0x6E, 0x74, 0x73, 0x0D, 0x0A, 0x00, 0x00, 0x00, 0x00, 0x52, 0x36, 0x30, 0x30,
	0x32, 0x0D, 0x0A, 0x2D, 0x20, 0x66, 0x6C, 0x6F, 0x61, 0x74, 0x69, 0x6E, 0x67, 0x20, 0x70, 0x6F,
	0x69, 0x6E, 0x74, 0x20, 0x6E, 0x6F, 0x74, 0x20, 0x6C, 0x6F, 0x61, 0x64, 0x65, 0x64, 0x0D, 0x0A,
	0x00, 0x00, 0x00, 0x01, 0x4D, 0x69, 0x63, 0x72, 0x6F, 0x73, 0x6F, 0x66, 0x74, 0x20, 0x56, 0x69,
	0x73, 0x75, 0x61, 0x6C, 0x20, 0x43, 0x2B, 0x2B, 0x20, 0x52, 0x75, 0x6E, 0x74, 0x69, 0x6D, 0x65,
	0x20, 0x4C, 0x69, 0x62, 0x72, 0x61, 0x72, 0x79, 0x00, 0x00, 0x00, 0x01, 0x0A, 0x0A, 0x00, 0x00,
	0x52, 0x75, 0x6E, 0x74, 0x69, 0x6D, 0x65, 0x20, 0x45, 0x72, 0x72, 0x6F, 0x72, 0x21, 0x0A, 0x0A,
	0x50, 0x72, 0x6F, 0x67, 0x72, 0x61, 0x6D, 0x3A, 0x20, 0x00, 0x00, 0x00, 0x00, 0x2E, 0x2E, 0x2E,
	0x00, 0x3C, 0x70, 0x72, 0x6F, 0x67, 0x72, 0x61, 0x6D, 0x20, 0x6E, 0x61, 0x6D, 0x65, 0x20, 0x75,
	0x6E, 0x6B, 0x6E, 0x6F, 0x77, 0x6E, 0x3E, 0x00, 0x00, 0x47, 0x65, 0x74, 0x4C, 0x61, 0x73, 0x74,
	0x41, 0x63, 0x74, 0x69, 0x76, 0x65, 0x50, 0x6F, 0x70, 0x75, 0x70, 0x00, 0x00, 0x47, 0x65, 0x74,
	0x41, 0x63, 0x74, 0x69, 0x76, 0x65, 0x57, 0x69, 0x6E, 0x64, 0x6F, 0x77, 0x00, 0x4D, 0x65, 0x73,
	0x73, 0x61, 0x67, 0x65, 0x42, 0x6F, 0x78, 0x41, 0x00, 0x75, 0x73, 0x65, 0x72, 0x33, 0x32, 0x2E,
	0x64, 0x6C, 0x6C, 0x00, 0x00, 0x00, 0x07, 0xFF, 0xFF, 0xFF, 0xFF, 0x9E, 0x36, 0x40, 0x00, 0xA2,
	0x36, 0x40, 0x00, 0xFF, 0xFF, 0xFF, 0xFF, 0x52, 0x37, 0x40, 0x00, 0x56, 0x37, 0x40, 0x00, 0xFF,
	0xFF, 0xFF, 0xFF, 0xD6, 0x38, 0x40, 0x00, 0xDA, 0x38, 0x40, 0x00, 0xC4, 0x45, 0x00, 0x00, 0x00,
	0x07, 0x2C, 0x46, 0x00, 0x00, 0xD4, 0x40, 0x00, 0x00, 0xCC, 0x45, 0x00, 0x00, 0x00, 0x07, 0x4A,
	0x47, 0x00, 0x00, 0xDC, 0x40, 0x00, 0x00, 0xF0, 0x44, 0x00, 0x00, 0x00, 0x07, 0x10, 0x48, 0x00,
	0x00, 0x00, 0x00, 0x40, 0x00, 0x00, 0x20, 0x45, 0x00, 0x00, 0x00, 0x07, 0xC4, 0x4A, 0x00, 0x00,
	0x30, 0x40, 0x00, 0x00, 0x00, 0x13, 0xB6, 0x47, 0x00, 0x00, 0x00, 0x00, 0x48, 0x00, 0x00, 0xF6,
	0x47, 0x00, 0x00, 0xDC, 0x47, 0x00, 0x00, 0xC6, 0x47, 0x00, 0x00, 0x56, 0x47, 0x00, 0x00, 0xA4,
	0x47, 0x00, 0x00, 0x94, 0x47, 0x00, 0x00, 0x84, 0x47, 0x00, 0x00, 0x72, 0x47, 0x00, 0x00, 0x64,
	0x47, 0x00, 0x00, 0x00, 0x03, 0x54, 0x48, 0x00, 0x00, 0xD0, 0x48, 0x00, 0x00, 0xBC, 0x48, 0x00,
	0x00, 0xB2, 0x4A, 0x00, 0x00, 0xA0, 0x4A, 0x00, 0x00, 0x90, 0x4A, 0x00, 0x00, 0x80, 0x4A, 0x00,
	0x00, 0x6A, 0x4A, 0x00, 0x00, 0x5A, 0x4A, 0x00, 0x00, 0x48, 0x4A, 0x00, 0x00, 0x3A, 0x4A, 0x00,
	0x00, 0x2A, 0x4A, 0x00, 0x00, 0x1E, 0x4A, 0x00, 0x00, 0x12, 0x4A, 0x00, 0x00, 0x08, 0x4A, 0x00,
	0x00, 0xFC, 0x49, 0x00, 0x00, 0xF0, 0x49, 0x00, 0x00, 0xE4, 0x49, 0x00, 0x00, 0xD8, 0x49, 0x00,
	0x00, 0x1A, 0x48, 0x00, 0x00, 0x26, 0x48, 0x00, 0x00, 0x36, 0x48, 0x00, 0x00, 0x46, 0x48, 0x00,
	0x00, 0x02, 0x49, 0x00, 0x00, 0x68, 0x48, 0x00, 0x00, 0x7A, 0x48, 0x00, 0x00, 0x8C, 0x48, 0x00,
	0x00, 0x9A, 0x48, 0x00, 0x00, 0xA8, 0x48, 0x00, 0x00, 0xBC, 0x49, 0x00, 0x00, 0xCA, 0x49, 0x00,
	0x00, 0xEC, 0x48, 0x00, 0x00, 0x64, 0x49, 0x00, 0x00, 0x1C, 0x49, 0x00, 0x00, 0x36, 0x49, 0x00,
	0x00, 0x4C, 0x49, 0x00, 0x00, 0x7E, 0x49, 0x00, 0x00, 0x90, 0x49, 0x00, 0x00, 0xA0, 0x49, 0x00,
	0x00, 0xAE, 0x49, 0x00, 0x00, 0x00, 0x03, 0x18, 0x46, 0x00, 0x00, 0x00, 0x03, 0x38, 0x46, 0x00,
	0x00, 0x46, 0x46, 0x00, 0x00, 0x52, 0x46, 0x00, 0x00, 0x60, 0x46, 0x00, 0x00, 0x6E, 0x46, 0x00,
	0x00, 0x7A, 0x46, 0x00, 0x00, 0x82, 0x46, 0x00, 0x00, 0x8E, 0x46, 0x00, 0x00, 0xA4, 0x46, 0x00,
	0x00, 0xB2, 0x46, 0x00, 0x00, 0xC4, 0x46, 0x00, 0x00, 0x3C, 0x47, 0x00, 0x00, 0x2E, 0x47, 0x00,
	0x00, 0x18, 0x47, 0x00, 0x00, 0x06, 0x47, 0x00, 0x00, 0xF8, 0x46, 0x00, 0x00, 0xE4, 0x46, 0x00,
	0x00, 0xD0, 0x46, 0x00, 0x00, 0x00, 0x03, 0x79, 0x00, 0x53, 0x68, 0x65, 0x6C, 0x6C, 0x5F, 0x4E,
	0x6F, 0x74, 0x69, 0x66, 0x79, 0x49, 0x63, 0x6F, 0x6E, 0x41, 0x00, 0x53, 0x48, 0x45, 0x4C, 0x4C,
	0x33, 0x32, 0x2E, 0x64, 0x6C, 0x6C, 0x00, 0xAA, 0x00, 0x44, 0x72, 0x61, 0x77, 0x49, 0x63, 0x6F,
	0x6E, 0x45, 0x78, 0x00, 0x00, 0xBB, 0x00, 0x45, 0x6E, 0x64, 0x50, 0x61, 0x69, 0x6E, 0x74, 0x00,
	0x00, 0x8E, 0x01, 0x49, 0x73, 0x52, 0x65, 0x63, 0x74, 0x45, 0x6D, 0x70, 0x74, 0x79, 0x00, 0x0C,
	0x00, 0x42, 0x65, 0x67, 0x69, 0x6E, 0x50, 0x61, 0x69, 0x6E, 0x74, 0x00, 0x00, 0x03, 0x02, 0x52,
	0x65, 0x6C, 0x65, 0x61, 0x73, 0x65, 0x44, 0x43, 0x00, 0xFD, 0x00, 0x47, 0x65, 0x74, 0x44, 0x43,
	0x00, 0x52, 0x02, 0x53, 0x65, 0x74, 0x54, 0x69, 0x6D, 0x65, 0x72, 0x00, 0x00, 0x30, 0x02, 0x53,
	0x65, 0x74, 0x46, 0x6F, 0x72, 0x65, 0x67, 0x72, 0x6F, 0x75, 0x6E, 0x64, 0x57, 0x69, 0x6E, 0x64,
	0x6F, 0x77, 0x00, 0x6A, 0x02, 0x53, 0x68, 0x6F, 0x77, 0x57, 0x69, 0x6E, 0x64, 0x6F, 0x77, 0x00,
	0x00, 0xE0, 0x01, 0x50, 0x6F, 0x73, 0x74, 0x51, 0x75, 0x69, 0x74, 0x4D, 0x65, 0x73, 0x73, 0x61,
	0x67, 0x65, 0x00, 0xB9, 0x00, 0x45, 0x6E, 0x64, 0x44, 0x69, 0x61, 0x6C, 0x6F, 0x67, 0x00, 0x95,
	0x00, 0x44, 0x69, 0x73, 0x70, 0x61, 0x74, 0x63, 0x68, 0x4D, 0x65, 0x73, 0x73, 0x61, 0x67, 0x65,
	0x41, 0x00, 0x00, 0x82, 0x02, 0x54, 0x72, 0x61, 0x6E, 0x73, 0x6C, 0x61, 0x74, 0x65, 0x4D, 0x65,
	0x73, 0x73, 0x61, 0x67, 0x65, 0x00, 0x00, 0x2A, 0x01, 0x47, 0x65, 0x74, 0x4D, 0x65, 0x73, 0x73,
	0x61, 0x67, 0x65, 0x41, 0x00, 0x5E, 0x02, 0x53, 0x65, 0x74, 0x57, 0x69, 0x6E, 0x64, 0x6F, 0x77,
	0x54, 0x65, 0x78, 0x74, 0x41, 0x00, 0x00, 0x4F, 0x00, 0x43, 0x72, 0x65, 0x61, 0x74, 0x65, 0x44,
	0x69, 0x61, 0x6C, 0x6F, 0x67, 0x50, 0x61, 0x72, 0x61, 0x6D, 0x41, 0x00, 0x00, 0xA0, 0x01, 0x4C,
	0x6F, 0x61, 0x64, 0x49, 0x6D, 0x61, 0x67, 0x65, 0x41, 0x00, 0x00, 0xD5, 0x00, 0x46, 0x69, 0x6E,
	0x64, 0x57, 0x69, 0x6E, 0x64, 0x6F, 0x77, 0x41, 0x00, 0x55, 0x53, 0x45, 0x52, 0x33, 0x32, 0x2E,
	0x64, 0x6C, 0x6C, 0x00, 0x00, 0x9E, 0x00, 0x45, 0x78, 0x74, 0x54, 0x65, 0x78, 0x74, 0x4F, 0x75,
	0x74, 0x41, 0x00, 0xCD, 0x01, 0x53, 0x65, 0x74, 0x42, 0x6B, 0x43, 0x6F, 0x6C, 0x6F, 0x72, 0x00,
	0x00, 0x75, 0x01, 0x47, 0x65, 0x74, 0x54, 0x65, 0x78, 0x74, 0x4D, 0x65, 0x74, 0x72, 0x69, 0x63,
	0x73, 0x41, 0x00, 0xF1, 0x01, 0x53, 0x65, 0x74, 0x54, 0x65, 0x78, 0x74, 0x41, 0x6C, 0x69, 0x67,
	0x6E, 0x00, 0x00, 0xF3, 0x01, 0x53, 0x65, 0x74, 0x54, 0x65, 0x78, 0x74, 0x43, 0x6F, 0x6C, 0x6F,
	0x72, 0x00, 0x00, 0x5F, 0x01, 0x47, 0x65, 0x74, 0x53, 0x74, 0x6F, 0x63, 0x6B, 0x4F, 0x62, 0x6A,
	0x65, 0x63, 0x74, 0x00, 0x00, 0xC7, 0x01, 0x53, 0x65, 0x6C, 0x65, 0x63, 0x74, 0x4F, 0x62, 0x6A,
	0x65, 0x63, 0x74, 0x00, 0x00, 0x2A, 0x00, 0x43, 0x72, 0x65, 0x61, 0x74, 0x65, 0x43, 0x6F, 0x6D,
	0x70, 0x61, 0x74, 0x69, 0x62, 0x6C, 0x65, 0x44, 0x43, 0x00, 0x00, 0x29, 0x00, 0x43, 0x72, 0x65,
	0x61, 0x74, 0x65, 0x43, 0x6F, 0x6D, 0x70, 0x61, 0x74, 0x69, 0x62, 0x6C, 0x65, 0x42, 0x69, 0x74,
	0x6D, 0x61, 0x70, 0x00, 0x00, 0x11, 0x00, 0x42, 0x69, 0x74, 0x42, 0x6C, 0x74, 0x00, 0x00, 0x53,
	0x00, 0x44, 0x65, 0x6C, 0x65, 0x74, 0x65, 0x4F, 0x62, 0x6A, 0x65, 0x63, 0x74, 0x00, 0x00, 0x47,
	0x44, 0x49, 0x33, 0x32, 0x2E, 0x64, 0x6C, 0x6C, 0x00, 0x08, 0x03, 0x6C, 0x73, 0x74, 0x72, 0x6C,
	0x65, 0x6E, 0x41, 0x00, 0x00, 0x4A, 0x00, 0x43, 0x72, 0x65, 0x61, 0x74, 0x65, 0x54, 0x68, 0x72,
	0x65, 0x61, 0x64, 0x00, 0x00, 0x6D, 0x01, 0x47, 0x65, 0x74, 0x54, 0x69, 0x63, 0x6B, 0x43, 0x6F,
	0x75, 0x6E, 0x74, 0x00, 0x00, 0x1B, 0x00, 0x43, 0x6C, 0x6F, 0x73, 0x65, 0x48, 0x61, 0x6E, 0x64,
	0x6C, 0x65, 0x00, 0x26, 0x01, 0x47, 0x65, 0x74, 0x4D, 0x6F, 0x64, 0x75, 0x6C, 0x65, 0x48, 0x61,
	0x6E, 0x64, 0x6C, 0x65, 0x41, 0x00, 0x00, 0x50, 0x01, 0x47, 0x65, 0x74, 0x53, 0x74, 0x61, 0x72,
	0x74, 0x75, 0x70, 0x49, 0x6E, 0x66, 0x6F, 0x41, 0x00, 0xCA, 0x00, 0x47, 0x65, 0x74, 0x43, 0x6F,
	0x6D, 0x6D, 0x61, 0x6E, 0x64, 0x4C, 0x69, 0x6E, 0x65, 0x41, 0x00, 0x74, 0x01, 0x47, 0x65, 0x74,
	0x56, 0x65, 0x72, 0x73, 0x69, 0x6F, 0x6E, 0x00, 0x00, 0x7D, 0x00, 0x45, 0x78, 0x69, 0x74, 0x50,
	0x72, 0x6F, 0x63, 0x65, 0x73, 0x73, 0x00, 0x9E, 0x02, 0x54, 0x65, 0x72, 0x6D, 0x69, 0x6E, 0x61,
	0x74, 0x65, 0x50, 0x72, 0x6F, 0x63, 0x65, 0x73, 0x73, 0x00, 0x00, 0xF7, 0x00, 0x47, 0x65, 0x74,
	0x43, 0x75, 0x72, 0x72, 0x65, 0x6E, 0x74, 0x50, 0x72, 0x6F, 0x63, 0x65, 0x73, 0x73, 0x00, 0xAD,
	0x02, 0x55, 0x6E, 0x68, 0x61, 0x6E, 0x64, 0x6C, 0x65, 0x64, 0x45, 0x78, 0x63, 0x65, 0x70, 0x74,
	0x69, 0x6F, 0x6E, 0x46, 0x69, 0x6C, 0x74, 0x65, 0x72, 0x00, 0x00, 0x24, 0x01, 0x47, 0x65, 0x74,
	0x4D, 0x6F, 0x64, 0x75, 0x6C, 0x65, 0x46, 0x69, 0x6C, 0x65, 0x4E, 0x61, 0x6D, 0x65, 0x41, 0x00,
	0x00, 0xB2, 0x00, 0x46, 0x72, 0x65, 0x65, 0x45, 0x6E, 0x76, 0x69, 0x72, 0x6F, 0x6E, 0x6D, 0x65,
	0x6E, 0x74, 0x53, 0x74, 0x72, 0x69, 0x6E, 0x67, 0x73, 0x41, 0x00, 0xB3, 0x00, 0x46, 0x72, 0x65,
	0x65, 0x45, 0x6E, 0x76, 0x69, 0x72, 0x6F, 0x6E, 0x6D, 0x65, 0x6E, 0x74, 0x53, 0x74, 0x72, 0x69,
	0x6E, 0x67, 0x73, 0x57, 0x00, 0xD2, 0x02, 0x57, 0x69, 0x64, 0x65, 0x43, 0x68, 0x61, 0x72, 0x54,
	0x6F, 0x4D, 0x75, 0x6C, 0x74, 0x69, 0x42, 0x79, 0x74, 0x65, 0x00, 0x06, 0x01, 0x47, 0x65, 0x74,
	0x45, 0x6E, 0x76, 0x69, 0x72, 0x6F, 0x6E, 0x6D, 0x65, 0x6E, 0x74, 0x53, 0x74, 0x72, 0x69, 0x6E,
	0x67, 0x73, 0x00, 0x08, 0x01, 0x47, 0x65, 0x74, 0x45, 0x6E, 0x76, 0x69, 0x72, 0x6F, 0x6E, 0x6D,
	0x65, 0x6E, 0x74, 0x53, 0x74, 0x72, 0x69, 0x6E, 0x67, 0x73, 0x57, 0x00, 0x00, 0x6D, 0x02, 0x53,
	0x65, 0x74, 0x48, 0x61, 0x6E, 0x64, 0x6C, 0x65, 0x43, 0x6F, 0x75, 0x6E, 0x74, 0x00, 0x00, 0x52,
	0x01, 0x47, 0x65, 0x74, 0x53, 0x74, 0x64, 0x48, 0x61, 0x6E, 0x64, 0x6C, 0x65, 0x00, 0x00, 0x15,
	0x01, 0x47, 0x65, 0x74, 0x46, 0x69, 0x6C, 0x65, 0x54, 0x79, 0x70, 0x65, 0x00, 0x9D, 0x01, 0x48,
	0x65, 0x61, 0x70, 0x44, 0x65, 0x73, 0x74, 0x72, 0x6F, 0x79, 0x00, 0x9B, 0x01, 0x48, 0x65, 0x61,
	0x70, 0x43, 0x72, 0x65, 0x61, 0x74, 0x65, 0x00, 0x00, 0xBF, 0x02, 0x56, 0x69, 0x72, 0x74, 0x75,
	0x61, 0x6C, 0x46, 0x72, 0x65, 0x65, 0x00, 0x9F, 0x01, 0x48, 0x65, 0x61, 0x70, 0x46, 0x72, 0x65,
	0x65, 0x00, 0x00, 0x2F, 0x02, 0x52, 0x74, 0x6C, 0x55, 0x6E, 0x77, 0x69, 0x6E, 0x64, 0x00, 0xDF,
	0x02, 0x57, 0x72, 0x69, 0x74, 0x65, 0x46, 0x69, 0x6C, 0x65, 0x00, 0xBF, 0x00, 0x47, 0x65, 0x74,
	0x43, 0x50, 0x49, 0x6E, 0x66, 0x6F, 0x00, 0xB9, 0x00, 0x47, 0x65, 0x74, 0x41, 0x43, 0x50, 0x00,
	0x00, 0x31, 0x01, 0x47, 0x65, 0x74, 0x4F, 0x45, 0x4D, 0x43, 0x50, 0x00, 0x00, 0x99, 0x01, 0x48,
	0x65, 0x61, 0x70, 0x41, 0x6C, 0x6C, 0x6F, 0x63, 0x00, 0xBB, 0x02, 0x56, 0x69, 0x72, 0x74, 0x75,
	0x61, 0x6C, 0x41, 0x6C, 0x6C, 0x6F, 0x63, 0x00, 0x00, 0xA2, 0x01, 0x48, 0x65, 0x61, 0x70, 0x52,
	0x65, 0x41, 0x6C, 0x6C, 0x6F, 0x63, 0x00, 0x3E, 0x01, 0x47, 0x65, 0x74, 0x50, 0x72, 0x6F, 0x63,
	0x41, 0x64, 0x64, 0x72, 0x65, 0x73, 0x73, 0x00, 0x00, 0xC2, 0x01, 0x4C, 0x6F, 0x61, 0x64, 0x4C,
	0x69, 0x62, 0x72, 0x61, 0x72, 0x79, 0x41, 0x00, 0x00, 0xE4, 0x01, 0x4D, 0x75, 0x6C, 0x74, 0x69,
	0x42, 0x79, 0x74, 0x65, 0x54, 0x6F, 0x57, 0x69, 0x64, 0x65, 0x43, 0x68, 0x61, 0x72, 0x00, 0xBF,
	0x01, 0x4C, 0x43, 0x4D, 0x61, 0x70, 0x53, 0x74, 0x72, 0x69, 0x6E, 0x67, 0x41, 0x00, 0x00, 0xC0,
	0x01, 0x4C, 0x43, 0x4D, 0x61, 0x70, 0x53, 0x74, 0x72, 0x69, 0x6E, 0x67, 0x57, 0x00, 0x00, 0x53,
	0x01, 0x47, 0x65, 0x74, 0x53, 0x74, 0x72, 0x69, 0x6E, 0x67, 0x54, 0x79, 0x70, 0x65, 0x41, 0x00,
	0x00, 0x56, 0x01, 0x47, 0x65, 0x74, 0x53, 0x74, 0x72, 0x69, 0x6E, 0x67, 0x54, 0x79, 0x70, 0x65,
	0x57, 0x00, 0x00, 0x4B, 0x45, 0x52, 0x4E, 0x45, 0x4C, 0x33, 0x32, 0x2E, 0x64, 0x6C, 0x6C, 0x00,
	0x00, 0x00, 0xFF, 0x00, 0x00, 0x00, 0xFF, 0x00, 0x00, 0x00, 0xFF, 0x00, 0x00, 0x00, 0xFF, 0x00,
	0x00, 0x00, 0xFF, 0x00, 0x00, 0x00, 0x2F, 0x3E, 0x26, 0x40, 0x00, 0x00, 0x00, 0x1E, 0xAA, 0x00,
	0x00, 0x00, 0x00, 0x01, 0x00, 0x00, 0x00, 0x00, 0x84, 0x52, 0x40, 0x00, 0x20, 0x57, 0x40, 0x00,
	0x6C, 0x52, 0x40, 0x00, 0x5C, 0x52, 0x40, 0x00, 0x54, 0x52, 0x40, 0x00, 0x48, 0x52, 0x40, 0x00,
	0x38, 0x52, 0x40, 0x00, 0x2C, 0x52, 0x40, 0x00, 0x20, 0x57, 0x40, 0x00, 0x14, 0x52, 0x40, 0x00,
	0x04, 0x52, 0x40, 0x00, 0xF8, 0x51, 0x40, 0x00, 0xE8, 0x51, 0x40, 0x00, 0x20, 0x57, 0x40, 0x00,
	0xDC, 0x51, 0x40, 0x00, 0xCC, 0x51, 0x40, 0x00, 0xBC, 0x51, 0x40, 0x00, 0x20, 0x57, 0x40, 0x00,
	0xA8, 0x51, 0x40, 0x00, 0x98, 0x51, 0x40, 0x00, 0x20, 0x57, 0x40, 0x00, 0x84, 0x51, 0x40, 0x00,
	0x74, 0x51, 0x40, 0x00, 0x6C, 0x51, 0x40, 0x00, 0x60, 0x51, 0x40, 0x00, 0x20, 0x57, 0x40, 0x00,
	0x3C, 0x51, 0x40, 0x00, 0x30, 0x51, 0x40, 0x00, 0x20, 0x51, 0x40, 0x00, 0x18, 0x51, 0x40, 0x00,
	0x00, 0x51, 0x40, 0x00, 0xE8, 0x50, 0x40, 0x00, 0xDC, 0x50, 0x40, 0x00, 0xCC, 0x50, 0x40, 0x00,
	0xC4, 0x50, 0x40, 0x00, 0x47, 0x6F, 0x6C, 0x66, 0x00, 0x00, 0x00, 0x01, 0x43, 0x61, 0x6E, 0x61,
	0x64, 0x69, 0x61, 0x6E, 0x20, 0x42, 0x65, 0x65, 0x72, 0x00, 0x00, 0x00, 0x00, 0x44, 0x69, 0x6E,
	0x6E, 0x65, 0x72, 0x4D, 0x61, 0x6E, 0x00, 0x00, 0x00, 0x00, 0x4D, 0x75, 0x6C, 0x74, 0x69, 0x2D,
	0x50, 0x6C, 0x61, 0x79, 0x65, 0x72, 0x20, 0x41, 0x33, 0x44, 0x20, 0x54, 0x69, 0x74, 0x6C, 0x65,
	0x73, 0x00, 0x46, 0x72, 0x65, 0x6E, 0x63, 0x68, 0x20, 0x56, 0x61, 0x6E, 0x69, 0x6C, 0x6C, 0x61,
	0x20, 0x43, 0x6F, 0x66, 0x66, 0x65, 0x65, 0x00, 0x00, 0x00, 0x00, 0x50, 0x65, 0x70, 0x73, 0x69,
	0x00, 0x00, 0x00, 0x00, 0x4D, 0x6F, 0x75, 0x6E, 0x74, 0x61, 0x69, 0x6E, 0x20, 0x44, 0x65, 0x77,
	0x00, 0x00, 0x00, 0x01, 0x43, 0x6F, 0x63, 0x61, 0x2D, 0x43, 0x6F, 0x6C, 0x61, 0x00, 0x00, 0x00,
	0x00, 0x57, 0x65, 0x20, 0x43, 0x6F, 0x75, 0x6C, 0x64, 0x6E, 0x27, 0x74, 0x20, 0x48, 0x61, 0x76,
	0x65, 0x20, 0x44, 0x6F, 0x6E, 0x65, 0x20, 0x69, 0x74, 0x20, 0x57, 0x69, 0x74, 0x68, 0x6F, 0x75,
	0x74, 0x3A, 0x00, 0x00, 0x00, 0x00, 0x5A, 0x6F, 0x65, 0x20, 0x42, 0x69, 0x73, 0x68, 0x6F, 0x70,
	0x00, 0x00, 0x4C, 0x69, 0x73, 0x61, 0x20, 0x44, 0x6F, 0x00, 0x4E, 0x61, 0x6E, 0x63, 0x79, 0x20,
	0x42, 0x6C, 0x61, 0x6E, 0x63, 0x68, 0x61, 0x72, 0x64, 0x00, 0x53, 0x70, 0x65, 0x63, 0x69, 0x61,
	0x6C, 0x20, 0x54, 0x68, 0x61, 0x6E, 0x6B, 0x73, 0x20, 0x54, 0x6F, 0x3A, 0x00, 0x00, 0x4A, 0x6F,
	0x65, 0x20, 0x4C, 0x6F, 0x6E, 0x67, 0x77, 0x6F, 0x72, 0x74, 0x68, 0x00, 0x00, 0x00, 0x00, 0x51,
	0x75, 0x61, 0x6C, 0x69, 0x74, 0x79, 0x20, 0x41, 0x73, 0x73, 0x75, 0x72, 0x61, 0x6E, 0x63, 0x65,
	0x3A, 0x00, 0x00, 0x53, 0x6B, 0x69, 0x70, 0x20, 0x4D, 0x63, 0x49, 0x6C, 0x76, 0x61, 0x69, 0x6E,
	0x65, 0x00, 0x00, 0x44, 0x61, 0x76, 0x69, 0x64, 0x20, 0x47, 0x61, 0x73, 0x69, 0x6F, 0x72, 0x00,
	0x00, 0x00, 0x01, 0x45, 0x76, 0x61, 0x6E, 0x67, 0x65, 0x6C, 0x69, 0x73, 0x6D, 0x3A, 0x00, 0x53,
	0x63, 0x6F, 0x74, 0x74, 0x20, 0x45, 0x74, 0x68, 0x65, 0x72, 0x74, 0x6F, 0x6E, 0x00, 0x00, 0x4D,
	0x69, 0x63, 0x61, 0x68, 0x20, 0x4D, 0x61, 0x73, 0x6F, 0x6E, 0x00, 0x53, 0x75, 0x6E, 0x65, 0x69,
	0x6C, 0x20, 0x4D, 0x69, 0x73, 0x68, 0x72, 0x61, 0x00, 0x00, 0x00, 0x00, 0x44, 0x65, 0x76, 0x65,
	0x6C, 0x6F, 0x70, 0x65, 0x72, 0x20, 0x52, 0x65, 0x6C, 0x61, 0x74, 0x69, 0x6F, 0x6E, 0x73, 0x3A,
	0x00, 0x00, 0x00, 0x01, 0x52, 0x6F, 0x62, 0x20, 0x42, 0x69, 0x73, 0x68, 0x6F, 0x70, 0x00, 0x00,
	0x41, 0x6E, 0x64, 0x72, 0x65, 0x77, 0x20, 0x57, 0x68, 0x65, 0x65, 0x6C, 0x65, 0x72, 0x00, 0x00,
	0x53, 0x68, 0x65, 0x72, 0x6D, 0x61, 0x6E, 0x20, 0x4D, 0x75, 0x69, 0x00, 0x4E, 0x61, 0x6D, 0x20,
	0x44, 0x6F, 0x00, 0x00, 0x54, 0x65, 0x72, 0x72, 0x79, 0x20, 0x42, 0x6C, 0x61, 0x6E, 0x63, 0x68,
	0x61, 0x72, 0x64, 0x00, 0x53, 0x6F, 0x66, 0x74, 0x77, 0x61, 0x72, 0x65, 0x20, 0x45, 0x6E, 0x67,
	0x69, 0x6E, 0x65, 0x65, 0x72, 0x69, 0x6E, 0x67, 0x3A, 0x00, 0x00, 0x00, 0x00, 0x54, 0x68, 0x65,
	0x20, 0x41, 0x75, 0x72, 0x65, 0x61, 0x6C, 0x20, 0x41, 0x33, 0x44, 0x20, 0x33, 0x2E, 0x30, 0x20,
	0x50, 0x72, 0x6F, 0x64, 0x75, 0x63, 0x74, 0x20, 0x54, 0x65, 0x61, 0x6D, 0x00, 0x49, 0x44, 0x49,
	0x5F, 0x41, 0x33, 0x44, 0x44, 0x45, 0x56, 0x30, 0x31, 0x00, 0x00, 0x00, 0x01, 0x41, 0x75, 0x72,
	0x65, 0x61, 0x6C, 0x20, 0x41, 0x33, 0x44, 0x20, 0x33, 0x2E, 0x30, 0x20, 0x54, 0x65, 0x61, 0x6D,
	0x00, 0x1D, 0x16, 0x40, 0x00, 0x02, 0x00, 0x00, 0x00, 0x00, 0x05, 0x00, 0x00, 0xC0, 0x0B, 0x00,
	0x00, 0x00, 0x04, 0x1D, 0x00, 0x00, 0xC0, 0x04, 0x00, 0x00, 0x00, 0x04, 0x96, 0x00, 0x00, 0xC0,
	0x04, 0x00, 0x00, 0x00, 0x04, 0x8D, 0x00, 0x00, 0xC0, 0x08, 0x00, 0x00, 0x00, 0x04, 0x8E, 0x00,
	0x00, 0xC0, 0x08, 0x00, 0x00, 0x00, 0x04, 0x8F, 0x00, 0x00, 0xC0, 0x08, 0x00, 0x00, 0x00, 0x04,
	0x90, 0x00, 0x00, 0xC0, 0x08, 0x00, 0x00, 0x00, 0x04, 0x91, 0x00, 0x00, 0xC0, 0x08, 0x00, 0x00,
	0x00, 0x04, 0x92, 0x00, 0x00, 0xC0, 0x08, 0x00, 0x00, 0x00, 0x04, 0x93, 0x00, 0x00, 0xC0, 0x08,
	0x00, 0x00, 0x00, 0x04, 0x03, 0x00, 0x00, 0x00, 0x00, 0x07, 0x00, 0x00, 0x00, 0x00, 0x0A, 0x00,
	0x00, 0x00, 0x00, 0x8C, 0x00, 0x00, 0x00, 0x00, 0xFF, 0xFF, 0xFF, 0xFF, 0x00, 0x0A, 0x00, 0x00,
	0x10, 0x00, 0x00, 0x00, 0x00, 0x20, 0x05, 0x93, 0x19, 0x00, 0x00, 0x00, 0x0D, 0x02, 0x00, 0x00,
	0x00, 0x00, 0x98, 0x43, 0x40, 0x00, 0x08, 0x00, 0x00, 0x00, 0x00, 0x6C, 0x43, 0x40, 0x00, 0x09,
	0x00, 0x00, 0x00, 0x00, 0x40, 0x43, 0x40, 0x00, 0x0A, 0x00, 0x00, 0x00, 0x00, 0x1C, 0x43, 0x40,
	0x00, 0x10, 0x00, 0x00, 0x00, 0x00, 0xF0, 0x42, 0x40, 0x00, 0x11, 0x00, 0x00, 0x00, 0x00, 0xC0,
	0x42, 0x40, 0x00, 0x12, 0x00, 0x00, 0x00, 0x00, 0x9C, 0x42, 0x40, 0x00, 0x13, 0x00, 0x00, 0x00,
	0x00, 0x70, 0x42, 0x40, 0x00, 0x18, 0x00, 0x00, 0x00, 0x00, 0x38, 0x42, 0x40, 0x00, 0x19, 0x00,
	0x00, 0x00, 0x00, 0x10, 0x42, 0x40, 0x00, 0x1A, 0x00, 0x00, 0x00, 0x00, 0xD8, 0x41, 0x40, 0x00,
	0x1B, 0x00, 0x00, 0x00, 0x00, 0xA0, 0x41, 0x40, 0x00, 0x1C, 0x00, 0x00, 0x00, 0x00, 0x78, 0x41,
	0x40, 0x00, 0x78, 0x00, 0x00, 0x00, 0x00, 0x68, 0x41, 0x40, 0x00, 0x79, 0x00, 0x00, 0x00, 0x00,
	0x58, 0x41, 0x40, 0x00, 0x7A, 0x00, 0x00, 0x00, 0x00, 0x48, 0x41, 0x40, 0x00, 0xFC, 0x00, 0x00,
	0x00, 0x00, 0x44, 0x41, 0x40, 0x00, 0xFF, 0x00, 0x00, 0x00, 0x00, 0x34, 0x41, 0x40, 0x00, 0x01,
	0x02, 0x04, 0x08, 0x00, 0x00, 0x00, 0x01, 0xA4, 0x03, 0x00, 0x00, 0x60, 0x82, 0x79, 0x82, 0x21,
	0x00, 0x00, 0x00, 0x04, 0xA6, 0xDF, 0x00, 0x00, 0x00, 0x03, 0xA1, 0xA5, 0x00, 0x00, 0x00, 0x03,
	0x81, 0x9F, 0xE0, 0xFC, 0x00, 0x00, 0x00, 0x01, 0x40, 0x7E, 0x80, 0xFC, 0x00, 0x00, 0x00, 0x01,
	0xA8, 0x03, 0x00, 0x00, 0xC1, 0xA3, 0xDA, 0xA3, 0x20, 0x00, 0x00, 0x00, 0x14, 0x81, 0xFE, 0x00,
	0x00, 0x00, 0x03, 0x40, 0xFE, 0x00, 0x00, 0x00, 0x03, 0xB5, 0x03, 0x00, 0x00, 0xC1, 0xA3, 0xDA,
	0xA3, 0x20, 0x00, 0x00, 0x00, 0x14, 0x81, 0xFE, 0x00, 0x00, 0x00, 0x03, 0x41, 0xFE, 0x00, 0x00,
	0x00, 0x03, 0xB6, 0x03, 0x00, 0x00, 0xCF, 0xA2, 0xE4, 0xA2, 0x1A, 0x00, 0xE5, 0xA2, 0xE8, 0xA2,
	0x5B, 0x00, 0x00, 0x00, 0x0E, 0x81, 0xFE, 0x00, 0x00, 0x00, 0x03, 0x40, 0x7E, 0xA1, 0xFE, 0x00,
	0x00, 0x00, 0x01, 0x51, 0x05, 0x00, 0x00, 0x51, 0xDA, 0x5E, 0xDA, 0x20, 0x00, 0x5F, 0xDA, 0x6A,
	0xDA, 0x32, 0x00, 0x00, 0x00, 0x0E, 0x81, 0xD3, 0xD8, 0xDE, 0xE0, 0xF9, 0x00, 0x00, 0x31, 0x7E,
	0x81, 0xFE, 0x00, 0x00, 0x00, 0x01, 0xF8, 0x03, 0x00, 0x00, 0x00, 0x0B, 0x1A, 0x55, 0x40, 0x00,
	0x1A, 0x55, 0x40, 0x00, 0x00, 0x00, 0x00, 0x20, 0x00, 0x20, 0x00, 0x20, 0x00, 0x20, 0x00, 0x20,
	0x00, 0x20, 0x00, 0x20, 0x00, 0x20, 0x00, 0x20, 0x00, 0x28, 0x00, 0x28, 0x00, 0x28, 0x00, 0x28,
	0x00, 0x28, 0x00, 0x20, 0x00, 0x20, 0x00, 0x20, 0x00, 0x20, 0x00, 0x20, 0x00, 0x20, 0x00, 0x20,
	0x00, 0x20, 0x00, 0x20, 0x00, 0x20, 0x00, 0x20, 0x00, 0x20, 0x00, 0x20, 0x00, 0x20, 0x00, 0x20,
	0x00, 0x20, 0x00, 0x20, 0x00, 0x20, 0x00, 0x48, 0x00, 0x10, 0x00, 0x10, 0x00, 0x10, 0x00, 0x10,
	0x00, 0x10, 0x00, 0x10, 0x00, 0x10, 0x00, 0x10, 0x00, 0x10, 0x00, 0x10, 0x00, 0x10, 0x00, 0x10,
	0x00, 0x10, 0x00, 0x10, 0x00, 0x10, 0x00, 0x84, 0x00, 0x84, 0x00, 0x84, 0x00, 0x84, 0x00, 0x84,
	0x00, 0x84, 0x00, 0x84, 0x00, 0x84, 0x00, 0x84, 0x00, 0x84, 0x00, 0x10, 0x00, 0x10, 0x00, 0x10,
	0x00, 0x10, 0x00, 0x10, 0x00, 0x10, 0x00, 0x10, 0x00, 0x81, 0x00, 0x81, 0x00, 0x81, 0x00, 0x81,
	0x00, 0x81, 0x00, 0x81, 0x00, 0x01, 0x00, 0x01, 0x00, 0x01, 0x00, 0x01, 0x00, 0x01, 0x00, 0x01,
	0x00, 0x01, 0x00, 0x01, 0x00, 0x01, 0x00, 0x01, 0x00, 0x01, 0x00, 0x01, 0x00, 0x01, 0x00, 0x01,
	0x00, 0x01, 0x00, 0x01, 0x00, 0x01, 0x00, 0x01, 0x00, 0x01, 0x00, 0x01, 0x00, 0x10, 0x00, 0x10,
	0x00, 0x10, 0x00, 0x10, 0x00, 0x10, 0x00, 0x10, 0x00, 0x82, 0x00, 0x82, 0x00, 0x82, 0x00, 0x82,
	0x00, 0x82, 0x00, 0x82, 0x00, 0x02, 0x00, 0x02, 0x00, 0x02, 0x00, 0x02, 0x00, 0x02, 0x00, 0x02,
	0x00, 0x02, 0x00, 0x02, 0x00, 0x02, 0x00, 0x02, 0x00, 0x02, 0x00, 0x02, 0x00, 0x02, 0x00, 0x02,
	0x00, 0x02, 0x00, 0x02, 0x00, 0x02, 0x00, 0x02, 0x00, 0x02, 0x00, 0x02, 0x00, 0x10, 0x00, 0x10,
	0x00, 0x10, 0x00, 0x10, 0x00, 0x20, 0x00, 0x00, 0x00, 0xFF, 0x00, 0x00, 0x00, 0xFF, 0x00, 0x00,
	0x00, 0xFF, 0x00, 0x00, 0x00, 0xFF, 0x00, 0x00, 0x00, 0xFF, 0x00, 0x00, 0x00, 0xFF, 0x00, 0x00,
	0x00, 0xFF, 0x00, 0x00, 0x00, 0xFF, 0x00, 0x00, 0x00, 0xFF, 0x00, 0x00, 0x00, 0xE0, 0x03, 0x00,
	0x03, 0x00, 0x00, 0x00, 0x00, 0x28, 0x00, 0x00, 0x80, 0x05, 0x00, 0x00, 0x00, 0x00, 0x40, 0x00,
	0x00, 0x80, 0x0E, 0x00, 0x00, 0x00, 0x00, 0x58, 0x00, 0x00, 0x80, 0x00, 0x00, 0x00, 0x0B, 0x01,
	0x00, 0x01, 0x00, 0x00, 0x00, 0x00, 0x70, 0x00, 0x00, 0x80, 0x00, 0x00, 0x00, 0x0B, 0x01, 0x00,
	0x67, 0x00, 0x00, 0x00, 0x00, 0x88, 0x00, 0x00, 0x80, 0x00, 0x00, 0x00, 0x09, 0x01, 0x00, 0x00,
	0x00, 0x00, 0xE8, 0x00, 0x00, 0x80, 0xA0, 0x00, 0x00, 0x80, 0x00, 0x00, 0x00, 0x0B, 0x01, 0x00,
	0x09, 0x04, 0x00, 0x00, 0xB8, 0x00, 0x00, 0x00, 0x0E, 0x01, 0x00, 0x09, 0x04, 0x00, 0x00, 0xC8,
	0x00, 0x00, 0x00, 0x0E, 0x01, 0x00, 0x09, 0x04, 0x00, 0x00, 0xD8, 0x00, 0x00, 0x00, 0x00, 0x10,
	0x61, 0x00, 0x00, 0x28, 0x01, 0x00, 0x00, 0x00, 0x07, 0x50, 0x62, 0x00, 0x00, 0x72, 0x00, 0x00,
	0x00, 0x08, 0x38, 0x62, 0x00, 0x00, 0x14, 0x00, 0x00, 0x00, 0x08, 0x0C, 0x00, 0x49, 0x00, 0x44,
	0x00, 0x49, 0x00, 0x5F, 0x00, 0x41, 0x00, 0x33, 0x00, 0x44, 0x00, 0x44, 0x00, 0x45, 0x00, 0x56,
	0x00, 0x30, 0x00, 0x31, 0x00, 0x00, 0x00, 0x0C, 0x28, 0x00, 0x00, 0x00, 0x00, 0x10, 0x00, 0x00,
	0x00, 0x00, 0x20, 0x00, 0x00, 0x00, 0x00, 0x01, 0x00, 0x04, 0x00, 0x00, 0x00, 0x02, 0xC0, 0x00,
	0x00, 0x00, 0x16, 0x80, 0x00, 0x00, 0x80, 0x00, 0x00, 0x00, 0x00, 0x80, 0x80, 0x00, 0x80, 0x00,
	0x00, 0x00, 0x00, 0x80, 0x00, 0x80, 0x00, 0x80, 0x80, 0x00, 0x00, 0x80, 0x80, 0x80, 0x00, 0xC0,
	0xC0, 0xC0, 0x00, 0x00, 0x00, 0x00, 0xFF, 0x00, 0x00, 0xFF, 0x00, 0x00, 0x00, 0x00, 0xFF, 0xFF,
	0x00, 0xFF, 0x00, 0x00, 0x00, 0x00, 0xFF, 0x00, 0xFF, 0x00, 0xFF, 0xFF, 0x00, 0x00, 0xFF, 0xFF,
	0xFF, 0x00, 0x00, 0x00, 0x04, 0xBB, 0xB0, 0x00, 0xFF, 0xF0, 0x0F, 0xFF, 0x00, 0xBB, 0xB0, 0x00,
	0x00, 0x0F, 0x0F, 0x00, 0xF0, 0xB7, 0xB0, 0x00, 0x0F, 0xF0, 0x0F, 0x00, 0xF0, 0xBB, 0xB0, 0x00,
	0x00, 0x0F, 0x0F, 0x00, 0xF0, 0xB7, 0xB0, 0x00, 0xFF, 0xF0, 0x0F, 0xFF, 0x00, 0xBB, 0xB0, 0x00,
	0x00, 0x00, 0x03, 0xB7, 0xB0, 0x00, 0x88, 0x88, 0x88, 0x88, 0x80, 0xBB, 0xB0, 0x00, 0xFF, 0x9F,
	0xFF, 0x9F, 0xF0, 0xB7, 0xB0, 0x00, 0xFF, 0x9F, 0xFF, 0x9F, 0xF0, 0xBB, 0xB0, 0x00, 0xFF, 0x99,
	0x99, 0x9F, 0xF0, 0xB7, 0xB0, 0x00, 0xFF, 0xF9, 0xF9, 0x99, 0xF0, 0xBB, 0xB0, 0x00, 0xFF, 0xF9,
	0xF9, 0xFF, 0xF0, 0xB7, 0xB0, 0x00, 0xFF, 0xF9, 0x99, 0xFF, 0xF0, 0xBB, 0xB0, 0x00, 0xFF, 0xFF,
	0x9F, 0xFF, 0xF0, 0xB3, 0xB0, 0x00, 0x00, 0x00, 0x03, 0xBB, 0xB0, 0x80, 0x01, 0x00, 0x00, 0x80,
	0x01, 0x00, 0x00, 0x80, 0x01, 0x00, 0x00, 0x80, 0x01, 0x00, 0x00, 0x80, 0x01, 0x00, 0x00, 0x80,
	0x01, 0x00, 0x00, 0x80, 0x01, 0x00, 0x00, 0x80, 0x01, 0x00, 0x00, 0x80, 0x01, 0x00, 0x00, 0x80,
	0x01, 0x00, 0x00, 0x80, 0x01, 0x00, 0x00, 0x80, 0x01, 0x00, 0x00, 0x80, 0x01, 0x00, 0x00, 0x80,
	0x01, 0x00, 0x00, 0x80, 0x01, 0x00, 0x00, 0x80, 0x01, 0x00, 0x00, 0x00, 0x01, 0x01, 0x00, 0x01,
	0x00, 0x10, 0x10, 0x10, 0x00, 0x01, 0x00, 0x04, 0x00, 0x28, 0x01, 0x00, 0x00, 0x01, 0x00, 0x00,
	0x00, 0x02, 0xC0, 0x08, 0xC8, 0x80, 0x00, 0x00, 0x00, 0x07, 0xA6, 0x00, 0x67, 0x00, 0x00, 0x00,
	0x02, 0x41, 0x00, 0x75, 0x00, 0x72, 0x00, 0x65, 0x00, 0x61, 0x00, 0x6C, 0x00, 0x20, 0x00, 0x41,
	0x00, 0x33, 0x00, 0x44, 0x00, 0x20, 0x00, 0x33, 0x00, 0x2E, 0x00, 0x30, 0x00, 0x20, 0x00, 0x44,
	0x00, 0x65, 0x00, 0x76, 0x00, 0x65, 0x00, 0x6C, 0x00, 0x6F, 0x00, 0x70, 0x00, 0x6D, 0x00, 0x65,
	0x00, 0x6E, 0x00, 0x74, 0x00, 0x20, 0x00, 0x54, 0x00, 0x65, 0x00, 0x61, 0x00, 0x6D, 0x00, 0x00,
	0x00, 0x00, 0x08, 0x00, 0x4D, 0x00, 0x53, 0x00, 0x20, 0x00, 0x53, 0x00, 0x68, 0x00, 0x65, 0x00,
	0x6C, 0x00, 0x6C, 0x00, 0x20, 0x00, 0x44, 0x00, 0x6C, 0x00, 0x67, 0x00, 0x00, 0x00, 0xFF, 0x00,
	0x00, 0x00, 0xFF, 0x00, 0x00, 0x00, 0xFF, 0x00, 0x00, 0x00, 0xFF, 0x00, 0x00, 0x00, 0xFF, 0x00,
	0x00, 0x00, 0xFF, 0x00, 0x00, 0x00, 0xFF, 0x00, 0x00, 0x00, 0xFF, 0x00, 0x00, 0x00, 0xFF, 0x00,
	0x00, 0x00, 0xFF, 0x00, 0x00, 0x00, 0xFF, 0x00, 0x00, 0x00, 0xFF, 0x00, 0x00, 0x00, 0xFF, 0x00,
	0x00, 0x00, 0x24,
